"topic","original","questions"
"お寿司","['お寿司は世界中で愛されていると思いますか？', 'お寿司は新鮮な魚介類と酢飯の組み合わせが最高だと思いますか？', 'お寿司は日本の代表的な料理だと思いますか？', 'お寿司は日本の食文化の粋を集めたものだと思いますか？']","W3sicXVlc3Rpb25zIjogWyLjgYrlr7/lj7jjga/kuJbnlYzkuK3jgafoqZXkvqHjgZXjgozjgabjgYTjgovjgajmgJ3jgYTjgb7jgZnjgYvvvJ8iLCAi44GK5a+/5Y+444Gv5LiW55WM5Lit44Gn5aW944G+44KM44Gm44GE44KL44Go5oCd44GE44G+44GZ44GL77yfIiwgIuOBiuWvv+WPuOOBr+S4lueVjOS4reOBp+aEm+OBleOCjOOBpuOBhOOCi+OBqOaAneOBhOOBvuOBmeOBi++8nyIsICLjgYrlr7/lj7jjga/lhajkuJbnlYznmoTjgavkurrmsJfjgYzjgYLjgovjgajmgJ3jgYTjgb7jgZnjgYvvvJ8iLCAi44GK5a+/5Y+444Gv5LiW55WM5Lit44Gn5Y+X44GR5YWl44KM44KJ44KM44Gm44GE44KL44Go5oCd44GE44G+44GZ44GL77yfIl0sICJvcmlnaW5hbCI6ICLjgYrlr7/lj7jjga/kuJbnlYzkuK3jgafmhJvjgZXjgozjgabjgYTjgovjgajmgJ3jgYTjgb7jgZnjgYvvvJ8ifSwgeyJxdWVzdGlvbnMiOiBbIuaWsOmuruOBqumtmuS7i+mhnuOBqOmFoumjr+OBrue1hOOBv+WQiOOCj+OBm+OBjOacgOmrmOOBruOBiuWvv+WPuOOBoOOBqOS/oeOBmOOBvuOBmeOBi++8nyIsICLmlrDprq7jgarprZrku4vpoZ7jgajphaLpo6/jga7ntYTjgb/lkIjjgo/jgZvjgYzmnIDpq5jjga7jgYrlr7/lj7jjgaDjgajogIPjgYjjgb7jgZnjgYvvvJ8iLCAi5paw6a6u44Gq6a2a5LuL6aGe44Go6YWi6aOv44Gu57WE44G/5ZCI44KP44Gb44GM5pyA6auY44Gu44GK5a+/5Y+444Gg44Go5oSf44GY44G+44GZ44GL77yfIiwgIuOBiuWvv+WPuOOBq+OBiuOBhOOBpuOAgeaWsOmuruOBqumtmuS7i+mhnuOBqOmFoumjr+OBrue1hOOBv+WQiOOCj+OBm+OBjOacgOmrmOOBoOOBqOaAneOBhOOBvuOBmeOBi++8nyIsICLjgYrlr7/lj7jjga/mlrDprq7jgarprZrku4vpoZ7jgajphaLpo6/jga7ntYTjgb/lkIjjgo/jgZvjgYzmnIDpq5jjgaDjgajmgJ3jgYTjgb7jgZnjgYvvvJ8iXSwgIm9yaWdpbmFsIjogIuOBiuWvv+WPuOOBr+aWsOmuruOBqumtmuS7i+mhnuOBqOmFoumjr+OBrue1hOOBv+WQiOOCj+OBm+OBjOacgOmrmOOBoOOBqOaAneOBhOOBvuOBmeOBi++8nyJ9LCB7InF1ZXN0aW9ucyI6IFsi44CM44GK5a+/5Y+444Gv5pel5pys44Gu54m55b6055qE44Gq6aOf5LqL44Gg44Go6ICD44GI44G+44GZ44GL77yf44CNIiwgIuOAjOOBiuWvv+WPuOOBr+aXpeacrOaWmeeQhuOBruixoeW+tOOBoOOBqOaEn+OBmOOBvuOBmeOBi++8n+OAjSIsICLjgIzjgYrlr7/lj7jjga/ml6XmnKzjga7lhbjlnovnmoTjgarmlpnnkIbjgaDjgajmgJ3jgo/jgozjgb7jgZnjgYvvvJ/jgI0iLCAi44GK5a+/5Y+444Gv5pel5pys44Gu5Luj6KGo55qE44Gq5paZ55CG44Gg44Go5oCd44GE44G+44GZ44GL77yfIiwgIuOAjOOBiuWvv+WPuOOBr+aXpeacrOOBrumjn+aWh+WMluOCkuS7o+ihqOOBmeOCi+OBqOaAneOBhOOBvuOBmeOBi++8n+OAjSJdLCAib3JpZ2luYWwiOiAi44GK5a+/5Y+444Gv5pel5pys44Gu5Luj6KGo55qE44Gq5paZ55CG44Gg44Go5oCd44GE44G+44GZ44GL77yfIn0sIHsicXVlc3Rpb25zIjogWyLjgIzjgYrlr7/lj7jjga/ml6XmnKzjga7po5/mlofljJbjga7osaHlvrTjgaDjgajogIPjgYjjgb7jgZnjgYvvvJ/jgI0iLCAi44GK5a+/5Y+444Gv5pel5pys44Gu6aOf5paH5YyW44Gu57KL44KS6ZuG44KB44Gf44KC44Gu44Gg44Go5oCd44GE44G+44GZ44GL77yfIiwgIuOAjOOBiuWvv+WPuOOBr+aXpeacrOOBrumjn+aWh+WMluOBrualteiHtOOBoOOBqOaAneOBhOOBvuOBmeOBi++8n+OAjSIsICLjgIzjgYrlr7/lj7jjga/ml6XmnKzjga7po5/mlofljJbjga7mnIDpq5jls7DjgaDjgajmhJ/jgZjjgb7jgZnjgYvvvJ/jgI0iLCAi44CM44GK5a+/5Y+444Gv5pel5pys44Gu6aOf5paH5YyW44Gu6ZuG5aSn5oiQ44Gg44Go5oCd44GE44G+44GZ44GL77yf44CNIl0sICJvcmlnaW5hbCI6ICLjgYrlr7/lj7jjga/ml6XmnKzjga7po5/mlofljJbjga7nsovjgpLpm4bjgoHjgZ/jgoLjga7jgaDjgajmgJ3jgYTjgb7jgZnjgYvvvJ8ifV0="
"侍","['侍の存在は、日本の歴史や文化を理解する上で欠かせないと思いますか？', '侍の思想や行動規範は、現代のビジネスマンにも参考になると思いますか？', '侍の武士道精神は、現代社会においても重要な価値観と言えますか？', '侍の生き方や思想は、現代の日本人に影響を与えていますか？', '侍の精神を学ぶことは、自己啓発に役立つと思いますか？']","W3sicXVlc3Rpb25zIjogWyLkvo3jga7lrZjlnKjjga/jgIHml6XmnKzjga7mrbTlj7LjgoTmlofljJbjga7nkIbop6PjgavjgajjgaPjgabph43opoHjgaDjgajogIPjgYjjgb7jgZnjgYvvvJ8iLCAi5L6N44Gu5a2Y5Zyo44Gv44CB5pel5pys44Gu5q205Y+y44KE5paH5YyW44KS55CG6Kej44GZ44KL5LiK44Gn5qyg44GL44Gb44Gq44GE44Go5oCd44GE44G+44GZ44GL77yfIiwgIuS+jeOBruWtmOWcqOOBr+OAgeaXpeacrOOBruattOWPsuOChOaWh+WMluOCkueQhuino+OBmeOCi+OBn+OCgeOBq+W/heimgeOBoOOBqOaEn+OBmOOBvuOBmeOBi++8nyIsICLkvo3jga7lrZjlnKjjgarjgZfjgavjga/jgIHml6XmnKzjga7mrbTlj7LjgoTmlofljJbjgpLnkIbop6PjgZnjgovjgZPjgajjga/jgafjgY3jgarjgYTjgajmgJ3jgYTjgb7jgZnjgYvvvJ8iLCAi5L6N44Gu5a2Y5Zyo44GM5pel5pys44Gu5q205Y+y44KE5paH5YyW44Gu55CG6Kej44Gr5LiN5Y+v5qyg44Gg44Go5oCd44GE44G+44GZ44GL77yfIl0sICJvcmlnaW5hbCI6ICLkvo3jga7lrZjlnKjjga/jgIHml6XmnKzjga7mrbTlj7LjgoTmlofljJbjgpLnkIbop6PjgZnjgovkuIrjgafmrKDjgYvjgZvjgarjgYTjgajmgJ3jgYTjgb7jgZnjgYvvvJ8ifSwgeyJxdWVzdGlvbnMiOiBbIuS+jeOBruWTsuWtpuOChOihjOWLleimj+evhOOBr+OAgeePvuS7o+OBruODk+OCuOODjeOCueeVjOOBq+W9ueeri+OBpOOBqOaAneOBhOOBvuOBmeOBi++8nyIsICLkvo3jga7mgJ3mg7PjgoTooYzli5Xopo/nr4Tjga/jgIHnj77ku6Pjga7jg5Pjgrjjg43jgrnjg57jg7PjgavjgoLlj4LogIPjgavjgarjgovjgajmgJ3jgYTjgb7jgZnjgYvvvJ8iLCAi5L6N44Gu5L+h5b+144KE6KGM5YuV6KaP56+E44Gv44CB54++5Luj44Gu44OT44K444ON44K544Oe44Oz44Gr44Go44Gj44Gm5pyJ55So44Gg44Go5oCd44GE44G+44GZ44GL77yfIiwgIuS+jeOBruS+oeWApOims+OChOihjOWLleWOn+WJh+OBr+OAgeePvuS7o+OBruODk+OCuOODjeOCueODkeODvOOCveODs+OBq+OBqOOBo+OBpuacieebiuOBoOOBqOiAg+OBiOOBvuOBmeOBi++8nyIsICLkvo3jga7mgJ3ogIPms5XjgoTooYzli5Xopo/nr4Tjga/jgIHnj77ku6Pjga7jg5Pjgrjjg43jgrnjg57jg7PjgavjgajjgaPjgablj4LogIPjgavjgarjgovjgajmhJ/jgZjjgb7jgZnjgYvvvJ8iXSwgIm9yaWdpbmFsIjogIuS+jeOBruaAneaDs+OChOihjOWLleimj+evhOOBr+OAgeePvuS7o+OBruODk+OCuOODjeOCueODnuODs+OBq+OCguWPguiAg+OBq+OBquOCi+OBqOaAneOBhOOBvuOBmeOBi++8nyJ9LCB7InF1ZXN0aW9ucyI6IFsi5L6N44Gu5q2m5aOr6YGT57K+56We44Gv44CB54++5Luj56S+5Lya44Gn6YeN6KaB44Gq5L6h5YCk6Kaz44Go6KaL44Gq44GV44KM44G+44GZ44GL77yfIiwgIuS+jeOBruatpuWjq+mBk+eyvuelnuOBr+OAgeePvuS7o+ekvuS8muOBp+mHjeimgeOBquS+oeWApOOBqOOBl+OBpuiqjeitmOOBleOCjOOBvuOBmeOBi++8nyIsICLkvo3jga7mrablo6vpgZPnsr7npZ7jga/jgIHnj77ku6PnpL7kvJrjgavjgYrjgYTjgabjgoLkvqHlgKTjgYzjgYLjgovjgajmgJ3jgYTjgb7jgZnjgYvvvJ8iLCAi5L6N44Gu5q2m5aOr6YGT57K+56We44Gv44CB54++5Luj56S+5Lya44Gr44GK44GE44Gm44KC6YeN6KaB5oCn44KS5oyB44Gk44Go6ICD44GI44KJ44KM44G+44GZ44GL77yfIiwgIuS+jeOBruatpuWjq+mBk+eyvuelnuOBr+OAgeePvuS7o+ekvuS8muOBq+OBiuOBhOOBpuOCgumHjeimgeOBquS+oeWApOims+OBqOiogOOBiOOBvuOBmeOBi++8nyJdLCAib3JpZ2luYWwiOiAi5L6N44Gu5q2m5aOr6YGT57K+56We44Gv44CB54++5Luj56S+5Lya44Gr44GK44GE44Gm44KC6YeN6KaB44Gq5L6h5YCk6Kaz44Go6KiA44GI44G+44GZ44GL77yfIn0sIHsicXVlc3Rpb25zIjogWyLnj77ku6Pjga7ml6XmnKzkurrjgavlr77jgZfjgabjgIHkvo3jga7nlJ/mtLvmp5jlvI/jgoTmgJ3mg7Pjga/lvbHpn7/jgpLlj4rjgbzjgZfjgabjgYTjgb7jgZnjgYvvvJ8iLCAi5L6N44Gu55Sf44GN5pa544KE5oCd5oOz44GM54++5Luj44Gu5pel5pys5Lq644Gr5b2x6Z+/44KS5LiO44GI44KL44Go5oCd44GE44G+44GZ44GL77yfIiwgIuS+jeOBrueUn+a0u+OChOaAneaDs+OBr+OAgeePvuS7o+OBruaXpeacrOS6uuOBrueUn+a0u+OChOaAneaDs+OBq+W9semfv+OCkuS4juOBiOOBpuOBhOOBvuOBmeOBi++8nyIsICLkvo3jga7nlJ/jgY3mlrnjgoTmgJ3mg7Pjga/jgIHnj77ku6Pjga7ml6XmnKzkurrjgavlvbHpn7/jgpLkuI7jgYjjgabjgYTjgb7jgZnjgYvvvJ8iLCAi5L6N44Gu55Sf5rS744KE5oCd5oOz44Gv44CB54++5Luj44Gu5pel5pys5Lq644Gr44Gp44Gu44KI44GG44Gq5b2x6Z+/44KS5LiO44GI44Gm44GE44G+44GZ44GL77yfIl0sICJvcmlnaW5hbCI6ICLkvo3jga7nlJ/jgY3mlrnjgoTmgJ3mg7Pjga/jgIHnj77ku6Pjga7ml6XmnKzkurrjgavlvbHpn7/jgpLkuI7jgYjjgabjgYTjgb7jgZnjgYvvvJ8ifSwgeyJxdWVzdGlvbnMiOiBbIuS+jeOBrueyvuelnuOCkuWtpuOBtuOBk+OBqOOBr+OAgeiHquW3seWVk+eZuuOBq+W9ueeri+OBpOOBqOaAneOBhOOBvuOBmeOBi++8nyIsICLjgIzkvo3jga7nsr7npZ7jgpLlrabjgbbjgZPjgajjga/jgIHoh6rlt7HllZPnmbrjgavlr77jgZfjgabmnInlirnjgaDjgajmgJ3jgYTjgb7jgZnjgYvvvJ/jgI0iLCAi44CM5L6N44Gu57K+56We44KS5a2m44G244GT44Go44Gv44CB6Ieq5bex5ZWT55m644Gr5a++44GX44Gm44OX44Op44K544Gr44Gq44KL44Go5oCd44GE44G+44GZ44GL77yf44CNIiwgIuOAjOS+jeOBrueyvuelnuOCkuWtpuOBtuOBk+OBqOOBr+OAgeiHquW3seWVk+eZuuOBq+WvvuOBl+OBpuWKqeOBkeOBq+OBquOCi+OBqOiAg+OBiOOBvuOBmeOBi++8n+OAjSIsICLjgIzkvo3jga7nsr7npZ7jgpLlrabjgbbjgZPjgajjga/jgIHoh6rlt7HllZPnmbrjgavmnInnm4rjgaDjgajmhJ/jgZjjgb7jgZnjgYvvvJ/jgI0iXSwgIm9yaWdpbmFsIjogIuS+jeOBrueyvuelnuOCkuWtpuOBtuOBk+OBqOOBr+OAgeiHquW3seWVk+eZuuOBq+W9ueeri+OBpOOBqOaAneOBhOOBvuOBmeOBi++8nyJ9XQ=="
"和服","['和服は日本の文化を象徴するものだと思いますか？', '和服は現代の日本社会でも重要な役割を果たしていると思いますか？', '和服を着ることは特別な場面にふさわしいと思いますか？', '和服を着る機会がもっと増えるべきだと思いますか？']","W3sicXVlc3Rpb25zIjogWyLjgIzlkozmnI3jgYzml6XmnKzjga7mlofljJbjgpLosaHlvrTjgZfjgabjgYTjgovjgajmhJ/jgZjjgb7jgZnjgYvvvJ/jgI0iLCAi44CM5ZKM5pyN44GM5pel5pys44Gu5paH5YyW44KS6KGo54++44GX44Gm44GE44KL44Go5oCd44GE44G+44GZ44GL77yf44CNIiwgIuOAjOWSjOacjeOBr+aXpeacrOOBruaWh+WMluOCkuS7o+ihqOOBmeOCi+OBqOaEn+OBmOOBvuOBmeOBi++8n+OAjSIsICLlkozmnI3jga/ml6XmnKzjga7mlofljJbjgpLosaHlvrTjgZnjgovjgoLjga7jgaDjgajmgJ3jgYTjgb7jgZnjgYvvvJ8iLCAi44CM5ZKM5pyN44Gv5pel5pys44Gu5paH5YyW44Gu6LGh5b6044Gg44Go6ICD44GI44G+44GZ44GL77yf44CNIl0sICJvcmlnaW5hbCI6ICLlkozmnI3jga/ml6XmnKzjga7mlofljJbjgpLosaHlvrTjgZnjgovjgoLjga7jgaDjgajmgJ3jgYTjgb7jgZnjgYvvvJ8ifSwgeyJxdWVzdGlvbnMiOiBbIuWSjOacjeOBjOePvuS7o+OBruaXpeacrOekvuS8muOBq+OBiuOBhOOBpumHjeimgeOBquS9jee9ruOCkuWNoOOCgeOBpuOBhOOCi+OBqOaEn+OBmOOBvuOBmeOBi++8nyIsICLlkozmnI3jga/nj77ku6Pjga7ml6XmnKznpL7kvJrjgafph43opoHjgarlrZjlnKjjgaDjgajogIPjgYjjgb7jgZnjgYvvvJ8iLCAi5ZKM5pyN44Gv54++5Luj44Gu5pel5pys56S+5Lya44Gn44KC6YeN6KaB44Gq5b255Ymy44KS5p6c44Gf44GX44Gm44GE44KL44Go5oCd44GE44G+44GZ44GL77yfIiwgIuePvuS7o+OBruaXpeacrOekvuS8muOBq+OBiuOBhOOBpuOAgeWSjOacjeOBjOmHjeimgeOBquW9ueWJsuOCkuaLheOBo+OBpuOBhOOCi+OBqOaAneOBhOOBvuOBmeOBi++8nyIsICLlkozmnI3jgYznj77ku6Pjga7ml6XmnKznpL7kvJrjgafph43opoHjgarlvbnlibLjgpLmnpzjgZ/jgZfjgabjgYTjgovjgajjga/mgJ3jgYTjgb7jgZnjgYvvvJ8iXSwgIm9yaWdpbmFsIjogIuWSjOacjeOBr+ePvuS7o+OBruaXpeacrOekvuS8muOBp+OCgumHjeimgeOBquW9ueWJsuOCkuaenOOBn+OBl+OBpuOBhOOCi+OBqOaAneOBhOOBvuOBmeOBi++8nyJ9LCB7InF1ZXN0aW9ucyI6IFsi5ZKM5pyN44Gv54m55Yil44Gq5aC06Z2i44Gr55u45b+c44GX44GE44Go6ICD44GI44G+44GZ44GL77yfIiwgIuWSjOacjeOCkuedgOOCi+OBk+OBqOOBr+eJueWIpeOBquWgtOmdouOBq+OBteOBleOCj+OBl+OBhOOBqOaAneOBhOOBvuOBmeOBi++8nyIsICLnibnliKXjgarloLTpnaLjgaflkozmnI3jgpLnnYDjgovjgZPjgajjga/pganliIfjgaDjgajmgJ3jgYTjgb7jgZnjgYvvvJ8iLCAi54m55Yil44Gq5aC06Z2i44Gr44GK44GE44Gm5ZKM5pyN44KS552A44KL44GT44Go44Gv6YGp5b2T44Gg44Go5oCd44KP44KM44G+44GZ44GL77yfIiwgIuOBguOBquOBn+OBr+eJueWIpeOBquWgtOmdouOBp+WSjOacjeOCkuedgOOCi+OBk+OBqOOBjOmBqeOBl+OBpuOBhOOCi+OBqOaEn+OBmOOBvuOBmeOBi++8nyJdLCAib3JpZ2luYWwiOiAi5ZKM5pyN44KS552A44KL44GT44Go44Gv54m55Yil44Gq5aC06Z2i44Gr44G144GV44KP44GX44GE44Go5oCd44GE44G+44GZ44GL77yfIn0sIHsicXVlc3Rpb25zIjogWyLjgYLjgarjgZ/jga/lkozmnI3jgpLnnYDjgovmqZ/kvJrjgpLlopfjgoTjgZnjgbnjgY3jgaDjgajmhJ/jgZjjgb7jgZnjgYvvvJ8iLCAi5ZKM5pyN44KS552A44KL5qmf5Lya44GM44KC44Gj44Go5aKX44GI44KL44G544GN44Gg44Go5oCd44GE44G+44GZ44GL77yfIiwgIuWSjOacjeOCkuedgOOCi+apn+S8muOCkuWil+OChOOBmeOBk+OBqOOBq+izm+aIkOOBp+OBmeOBi++8nyIsICLlkozmnI3jgpLjgoLjgaPjgajpoLvnuYHjgavnnYDjgovjgbnjgY3jgaDjgajmgJ3jgYTjgb7jgZnjgYvvvJ8iLCAi44GC44Gq44Gf44Gv5ZKM5pyN44KS552A44KL5qmf5Lya44GM44KC44Gj44Go5aSa44GP44Gq44KL44G544GN44Gg44Go6ICD44GI44G+44GZ44GL77yfIl0sICJvcmlnaW5hbCI6ICLlkozmnI3jgpLnnYDjgovmqZ/kvJrjgYzjgoLjgaPjgajlopfjgYjjgovjgbnjgY3jgaDjgajmgJ3jgYTjgb7jgZnjgYvvvJ8ifV0="
"四季","['四季の変化は日本の風景を美しくしていますか？', '四季は日本の文化を豊かにしていますか？', '日本には四季が存在しますか？']","W3sicXVlc3Rpb25zIjogWyLml6XmnKzjga7poqjmma/jga/lm5vlraPjga7lpInljJbjgavjgojjgaPjgabnvo7jgZfjgY/jgarjgaPjgabjgYTjgb7jgZnjgYvvvJ8iLCAi5Zub5a2j44Gu5aSJ5YyW44Gv5pel5pys44Gu6aKo5pmv44KS576O44GX44GP44GX44Gm44GE44G+44GZ44GL77yfIiwgIuWbm+Wto+OBruWkieWMluOBq+OCiOOCiuaXpeacrOOBrumiqOaZr+OBjOe+juOBl+OBj+OBquOBo+OBpuOBhOOBvuOBmeOBi++8nyIsICLlm5vlraPjga7lpInljJbjgYzml6XmnKzjga7poqjmma/jga7nvo7jgZfjgZXjgpLlvJXjgY3nq4vjgabjgabjgYTjgb7jgZnjgYvvvJ8iLCAi5pel5pys44Gu6aKo5pmv44Gu576O44GX44GV44Gv5Zub5a2j44Gu5aSJ5YyW44Gr44KI44KL44KC44Gu44Gn44GZ44GL77yfIl0sICJvcmlnaW5hbCI6ICLlm5vlraPjga7lpInljJbjga/ml6XmnKzjga7poqjmma/jgpLnvo7jgZfjgY/jgZfjgabjgYTjgb7jgZnjgYvvvJ8ifSwgeyJxdWVzdGlvbnMiOiBbIuWbm+Wto+OBruWtmOWcqOOBr+aXpeacrOOBruaWh+WMluOCkuixiuOBi+OBq+OBmeOCi+imgee0oOOBqOiogOOBiOOBvuOBmeOBi++8nyIsICLml6XmnKzjga7mlofljJbjga/lm5vlraPjgavjgojjgaPjgabosYrjgYvjgavjgarjgaPjgabjgYTjgb7jgZnjgYvvvJ8iLCAi5Zub5a2j44Gv5pel5pys44Gu5paH5YyW44KS6LGK44GL44Gr44GX44Gm44GE44G+44GZ44GL77yfIiwgIuaXpeacrOOBruaWh+WMluOBruixiuOBi+OBleOBr+Wbm+Wto+OBruW9semfv+OCkuWPl+OBkeOBpuOBhOOBvuOBmeOBi++8nyIsICLlm5vlraPjga/ml6XmnKzjga7mlofljJbjga7osYrjgYvjgZXjgavosqLnjK7jgZfjgabjgYTjgb7jgZnjgYvvvJ8iXSwgIm9yaWdpbmFsIjogIuWbm+Wto+OBr+aXpeacrOOBruaWh+WMluOCkuixiuOBi+OBq+OBl+OBpuOBhOOBvuOBmeOBi++8nyJ9LCB7InF1ZXN0aW9ucyI6IFsi5pel5pys44Gr5Zub5a2j44GM5a2Y5Zyo44GZ44KL44Go6KiA44GI44G+44GZ44GL77yfIiwgIuaXpeacrOOBq+OBr+Wbm+Wto+OBjOWun+mam+OBq+WtmOWcqOOBl+OBvuOBmeOBi++8nyIsICLml6XmnKzjgafjga/lm5vlraPjgYznorroqo3jgafjgY3jgb7jgZnjgYvvvJ8iLCAi5pel5pys44Gr44Gv5Zub5a2j44GM5a2Y5Zyo44GX44G+44GZ44GL77yfIiwgIuaXpeacrOOBq+OBr+Wbm+Wto+OBjOOBguOCiuOBvuOBmeOBi++8nyJdLCAib3JpZ2luYWwiOiAi5pel5pys44Gr44Gv5Zub5a2j44GM5a2Y5Zyo44GX44G+44GZ44GL77yfIn1d"
"富士山","['富士山が世界遺産に登録されていることは適切だと思いますか？', '富士山の価値は国内外から認められていると思いますか？', '富士山の美しさは他の山々と比べても特別だと思いますか？', '富士山は日本の象徴だと思いますか？', '富士山は日本最高峰の山として認識されるべきだと思いますか？']","W3sicXVlc3Rpb25zIjogWyLlr4zlo6vlsbHjga7kuJbnlYzpgbrnlKPnmbvpjLLjga/pganmraPjgaDjgajmgJ3jgYTjgb7jgZnjgYvvvJ8iLCAi5a+M5aOr5bGx44GM5LiW55WM6YG655Sj44Gr44Gq44Gj44Gm44GE44KL44Gu44Gv6YGp5b2T44Gg44Go5oCd44GE44G+44GZ44GL77yfIiwgIuWvjOWjq+WxseOBjOS4lueVjOmBuueUo+OBq+aMh+WumuOBleOCjOOBpuOBhOOCi+OBk+OBqOOBr+ato+OBl+OBhOOBqOaAneOBhOOBvuOBmeOBi++8nyIsICLlr4zlo6vlsbHjgYzkuJbnlYzpgbrnlKPjgavoqo3lrprjgZXjgozjgabjgYTjgovjga7jga/lpqXlvZPjgaDjgajogIPjgYjjgb7jgZnjgYvvvJ8iLCAi5a+M5aOr5bGx44GM5LiW55WM6YG655Sj44Gr55m76Yyy44GV44KM44Gm44GE44KL44GT44Go44Gv6YGp5YiH44Gg44Go5oCd44GE44G+44GZ44GL77yfIl0sICJvcmlnaW5hbCI6ICLlr4zlo6vlsbHjgYzkuJbnlYzpgbrnlKPjgavnmbvpjLLjgZXjgozjgabjgYTjgovjgZPjgajjga/pganliIfjgaDjgajmgJ3jgYTjgb7jgZnjgYvvvJ8ifSwgeyJxdWVzdGlvbnMiOiBbIuWvjOWjq+WxseOBruS+oeWApOOBr+WbveWGheWkluOBp+iqjeitmOOBleOCjOOBpuOBhOOCi+OBqOiAg+OBiOOBvuOBmeOBi++8nyIsICLlr4zlo6vlsbHjga7kvqHlgKTjga/lm73lhoXlpJbjgYvjgonoqo3jgoHjgonjgozjgabjgYTjgovjgajmgJ3jgYTjgb7jgZnjgYvvvJ8iLCAi5a+M5aOr5bGx44Gu5L6h5YCk44Gv5Zu95YaF5aSW44Gn6KmV5L6h44GV44KM44Gm44GE44KL44Go5oCd44GE44G+44GZ44GL77yfIiwgIuWvjOWjq+WxseOBruS+oeWApOOBr+WbveWGheWkluOBp+aJv+iqjeOBleOCjOOBpuOBhOOCi+OBqOaAneOBhOOBvuOBmeOBi++8nyIsICLlr4zlo6vlsbHjga7kvqHlgKTjga/lm73lhoXlpJbjgYvjgonlj5fjgZHlhaXjgozjgonjgozjgabjgYTjgovjgajmhJ/jgZjjgb7jgZnjgYvvvJ8iXSwgIm9yaWdpbmFsIjogIuWvjOWjq+WxseOBruS+oeWApOOBr+WbveWGheWkluOBi+OCieiqjeOCgeOCieOCjOOBpuOBhOOCi+OBqOaAneOBhOOBvuOBmeOBi++8nyJ9LCB7InF1ZXN0aW9ucyI6IFsi5LuW44Gu5bGx44CF44Go5q+U44G544Gm5a+M5aOr5bGx44Gu576O44GX44GV44GM54m55Yil44Gg44Go6ICD44GI44G+44GZ44GL77yfIiwgIuWvjOWjq+WxseOBrue+juOBl+OBleOBr+S7luOBruWxseOAheOBqOavlOOBueOBpuOCgueJueWIpeOBoOOBqOaAneOBhOOBvuOBmeOBi++8nyIsICLlr4zlo6vlsbHjga7nvo7jgZfjgZXjga/ku5bjga7lsbHjgIXjgajmr5TjgbnjgabjgoLni6znibnjgaDjgajmgJ3jgYTjgb7jgZnjgYvvvJ8iLCAi5a+M5aOr5bGx44Gu576O44GX44GV44Gv5LuW44Gu5bGx44CF44Go5q+U6LyD44GX44Gm6Zqb56uL44Gj44Gm44GE44KL44Go5oCd44GE44G+44GZ44GL77yfIiwgIuS7luOBruWxseOAheOBqOavlOi8g+OBl+OBpuOAgeWvjOWjq+WxseOBrue+juOBl+OBleOBr+eJueWIpeOBoOOBqOaEn+OBmOOBvuOBmeOBi++8nyJdLCAib3JpZ2luYWwiOiAi5a+M5aOr5bGx44Gu576O44GX44GV44Gv5LuW44Gu5bGx44CF44Go5q+U44G544Gm44KC54m55Yil44Gg44Go5oCd44GE44G+44GZ44GL77yfIn0sIHsicXVlc3Rpb25zIjogWyLjgIzml6XmnKzjga7osaHlvrTjgajjgZfjgablr4zlo6vlsbHjgpLopovjgovjgZPjgajjga/jgafjgY3jgb7jgZnjgYvvvJ/jgI0iLCAi5a+M5aOr5bGx44Gv5pel5pys44Gu6LGh5b6044Gg44Go5oCd44GE44G+44GZ44GL77yfIiwgIuOAjOWvjOWjq+WxseOBr+aXpeacrOOCkuS7o+ihqOOBmeOCi+OCguOBruOBoOOBqOaEn+OBmOOBvuOBmeOBi++8n+OAjSIsICLjgIzlr4zlo6vlsbHjgYzml6XmnKzjga7jgrfjg7Pjg5zjg6vjgajoqIDjgYjjgovjgajmgJ3jgYTjgb7jgZnjgYvvvJ/jgI0iLCAi44CM5a+M5aOr5bGx44Gv5pel5pys44Gu5Luj6KGo55qE44Gq6LGh5b6044Go6ICD44GI44KJ44KM44G+44GZ44GL77yf44CNIl0sICJvcmlnaW5hbCI6ICLlr4zlo6vlsbHjga/ml6XmnKzjga7osaHlvrTjgaDjgajmgJ3jgYTjgb7jgZnjgYvvvJ8ifSwgeyJxdWVzdGlvbnMiOiBbIuOAjOWvjOWjq+WxseOCkuaXpeacrOOBp+acgOOCgumrmOOBhOWxseOBqOimi+OBquOBmeOBueOBjeOBoOOBqOaAneOBhOOBvuOBmeOBi++8n+OAjSIsICLjgIzlr4zlo6vlsbHjgYzml6XmnKzjgafkuIDnlarpq5jjgYTlsbHjgajjgZfjgaboqo3orZjjgZXjgozjgovjgbnjgY3jgaDjgajmgJ3jgYTjgb7jgZnjgYvvvJ/jgI0iLCAi5a+M5aOr5bGx44Gv5pel5pys5pyA6auY5bOw44Gu5bGx44Go44GX44Gm6KqN6K2Y44GV44KM44KL44G544GN44Gg44Go5oCd44GE44G+44GZ44GL77yfIiwgIuOAjOWvjOWjq+WxseOCkuaXpeacrOacgOmrmOWzsOOBruWxseOBqOiqjeitmOOBmeOCi+OBk+OBqOOBq+izm+aIkOOBp+OBmeOBi++8n+OAjSIsICLjgIzlr4zlo6vlsbHjga/ml6XmnKzjgafmnIDjgoLpq5jjgYTlsbHjgajjgZfjgaboqo3orZjjgZXjgozjgovjgbnjgY3jgaDjgajogIPjgYjjgb7jgZnjgYvvvJ/jgI0iXSwgIm9yaWdpbmFsIjogIuWvjOWjq+WxseOBr+aXpeacrOacgOmrmOWzsOOBruWxseOBqOOBl+OBpuiqjeitmOOBleOCjOOCi+OBueOBjeOBoOOBqOaAneOBhOOBvuOBmeOBi++8nyJ9XQ=="
"日本の公共交通","['日本の公共交通の料金は適切だと思いますか？', '日本の公共交通は他の国と比べて優れていると思いますか？', '日本の公共交通は利用しやすいと思いますか？', '日本の公共交通は効率的だと思いますか？', '日本の公共交通は時間厳守だと思いますか？']","W3sicXVlc3Rpb25zIjogWyLml6XmnKzjga7lhazlhbHkuqTpgJrjga7pgYvos4Pjga/pganlvZPjgaDjgajmgJ3jgYTjgb7jgZnjgYvvvJ8iLCAi5pel5pys44Gu5YWs5YWx5Lqk6YCa44Gu5paZ6YeR44Gv5YWs5q2j44Gg44Go5oCd44GE44G+44GZ44GL77yfIiwgIuaXpeacrOOBruWFrOWFseS6pOmAmuOBruaWmemHkeioreWumuOBr+mBqeato+OBoOOBqOiAg+OBiOOBvuOBmeOBi++8nyIsICLml6XmnKzjga7lhazlhbHkuqTpgJrjga7pgYvos4Pjga/lpqXlvZPjgaDjgajmhJ/jgZjjgb7jgZnjgYvvvJ8iLCAi5pel5pys44Gu5YWs5YWx5Lqk6YCa44Gu5paZ6YeR44Gv6YGp5YiH44Gg44Go5oCd44GE44G+44GZ44GL77yfIl0sICJvcmlnaW5hbCI6ICLml6XmnKzjga7lhazlhbHkuqTpgJrjga7mlpnph5Hjga/pganliIfjgaDjgajmgJ3jgYTjgb7jgZnjgYvvvJ8ifSwgeyJxdWVzdGlvbnMiOiBbIuS7luOBruWbveOBqOavlOi8g+OBl+OBpuOAgeaXpeacrOOBruWFrOWFseS6pOmAmuOBruaWueOBjOWEquOCjOOBpuOBhOOCi+OBqOaAneOBhOOBvuOBmeOBi++8nyIsICLml6XmnKzjga7lhazlhbHkuqTpgJrjga/ku5bjga7lm73jgajmr5TjgbnjgablhKrjgozjgabjgYTjgovjgajmgJ3jgYTjgb7jgZnjgYvvvJ8iLCAi5pel5pys44Gu5YWs5YWx5Lqk6YCa44Gv5LuW44Gu5Zu944Go5q+U6LyD44GX44Gm5YSq44KM44Gm44GE44KL44Go44GC44Gq44Gf44Gv5oCd44GE44G+44GZ44GL77yfIiwgIuaXpeacrOOBruWFrOWFseS6pOmAmuOBr+S7luOBruWbveOCiOOCiuOCguWEquOCjOOBpuOBhOOCi+OBqOiAg+OBiOOBvuOBmeOBi++8nyIsICLku5bjga7lm73jga7lhazlhbHkuqTpgJrjgajmr5TjgbnjgabjgIHml6XmnKzjga7lhazlhbHkuqTpgJrjga/lhKrjgozjgabjgYTjgovjgajmhJ/jgZjjgb7jgZnjgYvvvJ8iXSwgIm9yaWdpbmFsIjogIuaXpeacrOOBruWFrOWFseS6pOmAmuOBr+S7luOBruWbveOBqOavlOOBueOBpuWEquOCjOOBpuOBhOOCi+OBqOaAneOBhOOBvuOBmeOBi++8nyJ9LCB7InF1ZXN0aW9ucyI6IFsi5pel5pys44Gu5YWs5YWx5Lqk6YCa5qmf6Zai44Gu5Yip55So44Gv5a655piT44Gg44Go5oCd44GE44G+44GZ44GL77yfIiwgIuWFrOWFseS6pOmAmuOBruWIqeS+v+aAp+OBr+aXpeacrOOBp+mrmOOBhOOBqOaEn+OBmOOBvuOBmeOBi++8nyIsICLml6XmnKzjga7lhazlhbHkuqTpgJrjga7jgqLjgq/jgrvjgrfjg5Pjg6rjg4bjgqPjga/oia/jgYTjgajmgJ3jgYTjgb7jgZnjgYvvvJ8iLCAi5pel5pys44Gu5YWs5YWx5Lqk6YCa44Gv5Yip55So44GX44KE44GZ44GE44Go5oCd44GE44G+44GZ44GL77yfIiwgIuaXpeacrOOBruWFrOWFseS6pOmAmuOBr+S9v+OBhOOChOOBmeOBhOOBqOaEn+OBmOOBvuOBmeOBi++8nyJdLCAib3JpZ2luYWwiOiAi5pel5pys44Gu5YWs5YWx5Lqk6YCa44Gv5Yip55So44GX44KE44GZ44GE44Go5oCd44GE44G+44GZ44GL77yfIn0sIHsicXVlc3Rpb25zIjogWyLml6XmnKzjga7lhazlhbHkuqTpgJrjga/lirnnjofnmoTjgaDjgajmhJ/jgZjjgb7jgZnjgYvvvJ8iLCAi44GC44Gq44Gf44Gv5pel5pys44Gu5YWs5YWx5Lqk6YCa44GM5Yq5546H55qE44Gg44Go6ICD44GI44G+44GZ44GL77yfIiwgIuaXpeacrOOBruWFrOWFseS6pOmAmuOBruWKueeOh+aAp+OBq+OBpOOBhOOBpuOBruOBguOBquOBn+OBruaEj+imi+OBr+S9leOBp+OBmeOBi++8nyIsICLml6XmnKzjga7lhazlhbHkuqTpgJrjga7lirnnjofmgKfjgavjgaTjgYTjgabjganjgYbmgJ3jgYTjgb7jgZnjgYvvvJ8iLCAi5pel5pys44Gu5YWs5YWx5Lqk6YCa44Gv5Yq5546H55qE44Gg44Go5oCd44GE44G+44GZ44GL77yfIl0sICJvcmlnaW5hbCI6ICLml6XmnKzjga7lhazlhbHkuqTpgJrjga/lirnnjofnmoTjgaDjgajmgJ3jgYTjgb7jgZnjgYvvvJ8ifSwgeyJxdWVzdGlvbnMiOiBbIuaXpeacrOOBruWFrOWFseS6pOmAmuOBr+aZgumWk+mAmuOCiuOBq+WLleOBj+OBqOaAneOBhOOBvuOBmeOBi++8nyIsICLml6XmnKzjga7lhazlhbHkuqTpgJrjga/mmYLplpPljrPlrojjgaDjgajmgJ3jgYTjgb7jgZnjgYvvvJ8iLCAi5pel5pys44Gu5YWs5YWx5Lqk6YCa44Gv5pmC6ZaT44KS5a6I44KL44Go6ICD44GI44G+44GZ44GL77yfIiwgIuaXpeacrOOBruWFrOWFseS6pOmAmuOBr+aZgumWk+OCkuWOs+WvhuOBq+WuiOOCi+OBqOaAneOBhOOBvuOBmeOBi++8nyIsICLml6XmnKzjga7lhazlhbHkuqTpgJrjga/mmYLplpPpgJrjgorjgavpgYvooYzjgZXjgozjgovjgajmhJ/jgZjjgb7jgZnjgYvvvJ8iXSwgIm9yaWdpbmFsIjogIuaXpeacrOOBruWFrOWFseS6pOmAmuOBr+aZgumWk+WOs+WuiOOBoOOBqOaAneOBhOOBvuOBmeOBi++8nyJ9XQ=="
"日本の安全性","['日本での生活は安全だと感じますか？', '日本の治安の良さは世界中から評価されていると思いますか？', '日本の法律は市民の安全を保障していると思いますか？', '日本の警察は効率的に犯罪を防止していると思いますか？', '日本は世界で最も安全な国の一つだと思いますか？']","W3sicXVlc3Rpb25zIjogWyLml6XmnKzjgafjga7nlJ/mtLvjga/lronlhajjgaDjgajmhJ/jgZjjgovjgZPjgajjgYzjgafjgY3jgb7jgZnjgYvvvJ8iLCAi5pel5pys44Gn44Gu55Sf5rS744Gv5a6J5YWo44Gg44Go5oCd44GE44G+44GZ44GL77yfIiwgIuaXpeacrOOBp+OBrueUn+a0u+OBruWuieWFqOaAp+OBq+OBpOOBhOOBpuOBqeOBhuaAneOBhOOBvuOBmeOBi++8nyIsICLml6XmnKzjgafjga7nlJ/mtLvjga/lronlhajjgaDjgajmhJ/jgZjjgb7jgZnjgYvvvJ8iLCAi44GC44Gq44Gf44Gv5pel5pys44Gn44Gu55Sf5rS744GM5a6J5YWo44Gg44Go5oSf44GY44G+44GZ44GL77yfIl0sICJvcmlnaW5hbCI6ICLml6XmnKzjgafjga7nlJ/mtLvjga/lronlhajjgaDjgajmhJ/jgZjjgb7jgZnjgYvvvJ8ifSwgeyJxdWVzdGlvbnMiOiBbIuaXpeacrOOBruayu+WuieOBruiJr+OBleOBr+S4lueVjOeahOOBq+ipleS+oeOBleOCjOOBpuOBhOOCi+OBqOaAneOBhOOBvuOBmeOBi++8nyIsICLkuJbnlYzkuK3jgYvjgonopovjgabml6XmnKzjga7msrvlronjga7oia/jgZXjga/oqZXkvqHjgZXjgozjgabjgYTjgovjgajmhJ/jgZjjgb7jgZnjgYvvvJ8iLCAi44GC44Gq44Gf44Gv5pel5pys44Gu5rK75a6J44GM5LiW55WM5Lit44GL44KJ6auY44GP6KmV5L6h44GV44KM44Gm44GE44KL44Go6ICD44GI44G+44GZ44GL77yfIiwgIuaXpeacrOOBruayu+WuieOBruiJr+OBleOBjOS4lueVjOS4reOBp+ipleS+oeOBleOCjOOBpuOBhOOCi+OBqOOBguOBquOBn+OBr+aAneOBhOOBvuOBmeOBi++8nyIsICLml6XmnKzjga7msrvlronjga7oia/jgZXjga/kuJbnlYzkuK3jgYvjgonoqZXkvqHjgZXjgozjgabjgYTjgovjgajmgJ3jgYTjgb7jgZnjgYvvvJ8iXSwgIm9yaWdpbmFsIjogIuaXpeacrOOBruayu+WuieOBruiJr+OBleOBr+S4lueVjOS4reOBi+OCieipleS+oeOBleOCjOOBpuOBhOOCi+OBqOaAneOBhOOBvuOBmeOBi++8nyJ9LCB7InF1ZXN0aW9ucyI6IFsi5pel5pys44Gu5rOV5b6L44GM5biC5rCR44Gu5a6J5YWo44KS5a6I44Gj44Gm44GE44KL44Go44GC44Gq44Gf44Gv6KqN6K2Y44GX44Gm44GE44G+44GZ44GL77yfIiwgIuOBguOBquOBn+OBr+aXpeacrOOBruazleW+i+OBjOW4guawkeOBruWuieWFqOOCkueiuuS/neOBl+OBpuOBhOOCi+OBqOaEn+OBmOOBvuOBmeOBi++8nyIsICLml6XmnKzjga7ms5Xlvovjga/luILmsJHjga7lronlhajjgpLkv53pmpzjgZfjgabjgYTjgovjgajmgJ3jgYTjgb7jgZnjgYvvvJ8iLCAi44GC44Gq44Gf44Gu6KaL6Kej44Gn44Gv44CB5pel5pys44Gu5rOV5b6L44Gv5biC5rCR44Gu5a6J5YWo44KS5L+d6Ki844GX44Gm44GE44G+44GZ44GL77yfIiwgIuaXpeacrOOBruazleW+i+OBjOW4guawkeOBruWuieWFqOOCkue2reaMgeOBl+OBpuOBhOOCi+OBqOOBguOBquOBn+OBr+iAg+OBiOOBvuOBmeOBi++8nyJdLCAib3JpZ2luYWwiOiAi5pel5pys44Gu5rOV5b6L44Gv5biC5rCR44Gu5a6J5YWo44KS5L+d6Zqc44GX44Gm44GE44KL44Go5oCd44GE44G+44GZ44GL77yfIn0sIHsicXVlc3Rpb25zIjogWyLjgYLjgarjgZ/jga/ml6XmnKzjga7orablr5/jgYzniq/nvarpmLLmraLjgavlirnmnpznmoTjgaDjgajmhJ/jgZjjgb7jgZnjgYvvvJ8iLCAi5pel5pys44Gu6K2m5a+f44Gu54qv572q6Ziy5q2i6IO95Yqb44Gv5Yq5546H55qE44Gg44Go5oCd44GE44G+44GZ44GL77yfIiwgIuaXpeacrOOBruitpuWvn+OBjOeKr+e9quOCkumYsuOBkOOBruOBq+WKueeOh+eahOOBoOOBqOaAneOBhOOBvuOBmeOBi++8nyIsICLml6XmnKzjga7orablr5/jga/lirnnjofnmoTjgavniq/nvarjgpLpmLLmraLjgZfjgabjgYTjgovjgajmgJ3jgYTjgb7jgZnjgYvvvJ8iLCAi5pel5pys44Gu6K2m5a+f44Gu54qv572q6Ziy5q2i44Gu5Yq5546H5oCn44Gr44Gk44GE44Gm44Gp44GG5oCd44GE44G+44GZ44GL77yfIl0sICJvcmlnaW5hbCI6ICLml6XmnKzjga7orablr5/jga/lirnnjofnmoTjgavniq/nvarjgpLpmLLmraLjgZfjgabjgYTjgovjgajmgJ3jgYTjgb7jgZnjgYvvvJ8ifSwgeyJxdWVzdGlvbnMiOiBbIuaXpeacrOOBjOS4lueVjOOBp+acgOOCguWuieWFqOOBquWbveOBruS4gOOBpOOBoOOBqOOBguOBquOBn+OBr+iqjeitmOOBl+OBpuOBhOOBvuOBmeOBi++8nyIsICLjgYLjgarjgZ/jga7mhI/opovjgafjga/jgIHml6XmnKzjga/kuJbnlYzjgafmnIDjgoLlronlhajjgarlm73jga7kuIDjgaTjgafjgZnjgYvvvJ8iLCAi5pel5pys44Gv5LiW55WM44Gn5pyA44KC5a6J5YWo44Gq5Zu944Gu5LiA44Gk44Gg44Go5oCd44GE44G+44GZ44GL77yfIiwgIuOBguOBquOBn+OBr+aXpeacrOOCkuS4lueVjOOBp+acgOOCguWuieWFqOOBquWbveOBruS4gOOBpOOBqOipleS+oeOBl+OBvuOBmeOBi++8nyIsICLjgYLjgarjgZ/jga/ml6XmnKzjgYzkuJbnlYzjgafmnIDjgoLlronlhajjgarlm73jga7kuIDjgaTjgaDjgajmhJ/jgZjjgb7jgZnjgYvvvJ8iXSwgIm9yaWdpbmFsIjogIuaXpeacrOOBr+S4lueVjOOBp+acgOOCguWuieWFqOOBquWbveOBruS4gOOBpOOBoOOBqOaAneOBhOOBvuOBmeOBi++8nyJ9XQ=="
"日本の教育","['日本の教育制度は世界で最も優れていると思いますか？', '日本の教育制度は厳格すぎると思いますか？', '日本の教育制度は子供たちに創造性を奨励していると思いますか？', '日本の教育制度は子供たちに十分な自由時間を提供していると思いますか？', '日本の教育制度は子供たちの社会的スキルを育てるのに十分な役割を果たしていると思いますか？']","W3sicXVlc3Rpb25zIjogWyLml6XmnKzjga7mlZnogrLkvZPns7vjga/kuJbnlYzjgafmnIDpq5jjgaDjgajmgJ3jgYTjgb7jgZnjgYvvvJ8iLCAi5pel5pys44Gu5pWZ6IKy44Gv5LiW55WM44Gn5pyA44KC5YSq56eA44Gg44Go6ICD44GI44G+44GZ44GL77yfIiwgIuaXpeacrOOBruaVmeiCsuOCt+OCueODhuODoOOBr+S4lueVjOS4gOOBoOOBqOaEn+OBmOOBvuOBmeOBi++8nyIsICLml6XmnKzjga7mlZnogrLliLbluqbjgYzkuJbnlYzjgafmnIDjgoLlhKrjgozjgZ/jgoLjga7jgaDjgajmgJ3jgYTjgb7jgZnjgYvvvJ8iLCAi5pel5pys44Gu5pWZ6IKy5Yi25bqm44Gv5LiW55WM44Gn5pyA44KC5YSq44KM44Gm44GE44KL44Go5oCd44GE44G+44GZ44GL77yfIl0sICJvcmlnaW5hbCI6ICLml6XmnKzjga7mlZnogrLliLbluqbjga/kuJbnlYzjgafmnIDjgoLlhKrjgozjgabjgYTjgovjgajmgJ3jgYTjgb7jgZnjgYvvvJ8ifSwgeyJxdWVzdGlvbnMiOiBbIuaXpeacrOOBruaVmeiCsuOCt+OCueODhuODoOOBr+mBjuW6puOBq+WOs+OBl+OBhOOBqOaEn+OBmOOBvuOBmeOBi++8nyIsICLml6XmnKzjga7mlZnogrLkvZPns7vjga/jgYLjgb7jgorjgavjgoLljrPmoLzjgaDjgajmgJ3jgo/jgozjgb7jgZnjgYvvvJ8iLCAi5pel5pys44Gu5pWZ6IKy5Yi25bqm44Gv6YGO5Ymw44Gr5Y6z5qC844Gg44Go5oCd44GE44G+44GZ44GL77yfIiwgIuaXpeacrOOBruaVmeiCsuWItuW6puOBr+WOs+agvOOBmeOBjuOCi+OBqOaAneOBhOOBvuOBmeOBi++8nyIsICLml6XmnKzjga7mlZnogrLjga/ljrPjgZfjgZnjgY7jgovjgajogIPjgYjjgb7jgZnjgYvvvJ8iXSwgIm9yaWdpbmFsIjogIuaXpeacrOOBruaVmeiCsuWItuW6puOBr+WOs+agvOOBmeOBjuOCi+OBqOaAneOBhOOBvuOBmeOBi++8nyJ9LCB7InF1ZXN0aW9ucyI6IFsi5pel5pys44Gu5pWZ6IKy44Gv5a2Q5L6b44Gf44Gh44Gu5Ym16YCg5oCn44KS5Yi65r+A44GX44Gm44GE44KL44Go5oCd44GE44G+44GZ44GL77yfIiwgIuaXpeacrOOBruaVmeiCsuOBr+WtkOS+m+OBn+OBoeOBruWJtemAoOaAp+OCkuaOqOmAsuOBl+OBpuOBhOOCi+OBqOiAg+OBiOOBvuOBmeOBi++8nyIsICLml6XmnKzjga7mlZnogrLkvZPns7vjga/lrZDkvpvjgZ/jgaHjga7libXpgKDmgKfjgpLkv4PpgLLjgZfjgabjgYTjgovjgajmhJ/jgZjjgb7jgZnjgYvvvJ8iLCAi5pel5pys44Gu5pWZ6IKy5Yi25bqm44Gv5a2Q5L6b44Gf44Gh44Gu5Ym16YCg5oCn44KS5Yqp6ZW344GX44Gm44GE44KL44Go5oCd44GE44G+44GZ44GL77yfIiwgIuaXpeacrOOBruaVmeiCsuWItuW6puOBr+WtkOS+m+OBn+OBoeOBq+WJtemAoOaAp+OCkuWlqOWKseOBl+OBpuOBhOOCi+OBqOaAneOBhOOBvuOBmeOBi++8nyJdLCAib3JpZ2luYWwiOiAi5pel5pys44Gu5pWZ6IKy5Yi25bqm44Gv5a2Q5L6b44Gf44Gh44Gr5Ym16YCg5oCn44KS5aWo5Yqx44GX44Gm44GE44KL44Go5oCd44GE44G+44GZ44GL77yfIn0sIHsicXVlc3Rpb25zIjogWyLml6XmnKzjga7mlZnogrLliLbluqbjga/lrZDkvpvjgZ/jgaHjgavljYHliIbjgaroh6rnlLHmmYLplpPjgpLmj5DkvpvjgZfjgabjgYTjgovjgajmgJ3jgYTjgb7jgZnjgYvvvJ8iLCAi5pel5pys44Gu5pWZ6IKy55Kw5aKD44Gv5a2Q5L6b44Gf44Gh44Gr5b+F6KaB44Gq6Ieq55Sx5pmC6ZaT44KS56K65L+d44GX44Gm44GE44KL44Go5oCd44KP44KM44G+44GZ44GL77yfIiwgIuaXpeacrOOBruaVmeiCsuS9k+ezu+OBr+OAgeWtkOS+m+OBn+OBoeOBq+mBqeWIh+OBquiHqueUseaZgumWk+OCkuaPkOS+m+OBl+OBpuOBhOOCi+OBqOiAg+OBiOOBvuOBmeOBi++8nyIsICLml6XmnKzjga7mlZnogrLjgrfjgrnjg4bjg6Djga/lrZDkvpvjgZ/jgaHjgavlhYXliIbjgarjg5Xjg6rjg7zjgr/jgqTjg6DjgpLkuI7jgYjjgabjgYTjgovjgajmhJ/jgZjjgb7jgZnjgYvvvJ8iLCAi5pel5pys44Gu5pWZ6IKy5qeL6YCg44Gv5a2Q5L6b44Gf44Gh44Gr44Gf44Gj44G344KK44Gu6Ieq55Sx5pmC6ZaT44KS5o+Q5L6b44GX44Gm44GE44KL44Go6KqN6K2Y44GX44Gm44GE44G+44GZ44GL77yfIl0sICJvcmlnaW5hbCI6ICLml6XmnKzjga7mlZnogrLliLbluqbjga/lrZDkvpvjgZ/jgaHjgavljYHliIbjgaroh6rnlLHmmYLplpPjgpLmj5DkvpvjgZfjgabjgYTjgovjgajmgJ3jgYTjgb7jgZnjgYvvvJ8ifSwgeyJxdWVzdGlvbnMiOiBbIuaXpeacrOOBruaVmeiCsuWItuW6puOBr+WtkOS+m+OBn+OBoeOBruekvuS8mueahOOCueOCreODq+OCkuiCsuOBpuOCi+OBruOBq+WNgeWIhuOBquWDjeOBjeOCkuOBl+OBpuOBhOOCi+OBqOiqjeitmOOBl+OBpuOBhOOBvuOBmeOBi++8nyIsICLml6XmnKzjga7mlZnogrLliLbluqbjga/lrZDkvpvjgZ/jgaHjga7npL7kvJrnmoTjgrnjgq3jg6vjgpLogrLmiJDjgZnjgovjga7jgavljYHliIbjgarlvbHpn7/lipvjgpLmjIHjgaPjgabjgYTjgovjgajmgJ3jgYTjgb7jgZnjgYvvvJ8iLCAi5pel5pys44Gu5pWZ6IKy5Yi25bqm44Gv5a2Q5L6b44Gf44Gh44Gu56S+5Lya55qE44K544Kt44Or44KS6IKy44Gm44KL5LiK44Gn5Y2B5YiG44Gq5Yq55p6c44KS55m65o+u44GX44Gm44GE44KL44Go6ICD44GI44G+44GZ44GL77yfIiwgIuaXpeacrOOBruaVmeiCsuWItuW6puOBr+WtkOS+m+OBn+OBoeOBruekvuS8mueahOOCueOCreODq+OCkuiCsuOBpuOCi+OBruOBq+WNgeWIhuOBquW9ueWJsuOCkuaenOOBn+OBl+OBpuOBhOOCi+OBqOaAneOBhOOBvuOBmeOBi++8nyIsICLml6XmnKzjga7mlZnogrLliLbluqbjga/lrZDkvpvjgZ/jgaHjga7npL7kvJrnmoTjgrnjgq3jg6vjga7ogrLmiJDjgavljYHliIbjgarosqLnjK7jgpLjgZfjgabjgYTjgovjgajmhJ/jgZjjgb7jgZnjgYvvvJ8iXSwgIm9yaWdpbmFsIjogIuaXpeacrOOBruaVmeiCsuWItuW6puOBr+WtkOS+m+OBn+OBoeOBruekvuS8mueahOOCueOCreODq+OCkuiCsuOBpuOCi+OBruOBq+WNgeWIhuOBquW9ueWJsuOCkuaenOOBn+OBl+OBpuOBhOOCi+OBqOaAneOBhOOBvuOBmeOBi++8nyJ9XQ=="
"日本の清潔さ","['日本の清潔さはその文化の一部だと思いますか？', '日本の清潔さは他の国と比較して優れていると思いますか？', '日本の清潔さは観光の魅力の一つだと思いますか？', '日本の街は清潔だと思いますか？', '日本人は清潔さに対して高い意識を持っていると思いますか？']","W3sicXVlc3Rpb25zIjogWyLml6XmnKzjga7muIXmvZTjgZXjga/jgZ3jga7mlofljJbjgavmoLnjgZbjgZfjgabjgYTjgovjgajmgJ3jgYTjgb7jgZnjgYvvvJ8iLCAi5pel5pys44Gu5riF5r2U44GV44Gv44Gd44Gu5paH5YyW44Gr57WE44G/6L6844G+44KM44Gm44GE44KL44Go5oSf44GY44G+44GZ44GL77yfIiwgIuaXpeacrOOBrua4hea9lOOBleOBr+OBneOBruaWh+WMluOBruS4gOmDqOOBqOimi+OBquOBmeOBk+OBqOOBjOOBp+OBjeOBvuOBmeOBi++8nyIsICLml6XmnKzjga7muIXmvZTjgZXjga/jgZ3jga7mlofljJbjga7kuIDpg6jjgajoqIDjgYjjgovjgajmgJ3jgYTjgb7jgZnjgYvvvJ8iLCAi5pel5pys44Gu5riF5r2U44GV44Gv44Gd44Gu5paH5YyW44Gu5LiA6YOo44Gg44Go5oCd44GE44G+44GZ44GL77yfIl0sICJvcmlnaW5hbCI6ICLml6XmnKzjga7muIXmvZTjgZXjga/jgZ3jga7mlofljJbjga7kuIDpg6jjgaDjgajmgJ3jgYTjgb7jgZnjgYvvvJ8ifSwgeyJxdWVzdGlvbnMiOiBbIuS7luOBruWbveOBqOavlOOBueOBpuaXpeacrOOBrua4hea9lOOBleOBr+WEquOCjOOBpuOBhOOCi+OBqOaAneOCj+OCjOOBvuOBmeOBi++8nyIsICLml6XmnKzjga7muIXmvZTjgZXjga/ku5bjga7lm73jgajmr5TovIPjgZfjgablhKrjgozjgabjgYTjgovjgajmgJ3jgYTjgb7jgZnjgYvvvJ8iLCAi5LuW44Gu5Zu944Go5q+U6LyD44GX44Gm5pel5pys44Gu5riF5r2U44GV44Gv5LiK5L2N44Gg44Go5oCd44GE44G+44GZ44GL77yfIiwgIuS7luOBruWbveOBqOavlOOBueOBpuaXpeacrOOBrua4hea9lOOBleOBr+WEquOCjOOBpuOBhOOCi+OBqOaEn+OBmOOBvuOBmeOBi++8nyIsICLml6XmnKzjga7muIXmvZTjgZXjga/ku5bjga7lm73jgojjgorjgoLlhKrjgozjgabjgYTjgovjgajogIPjgYjjgb7jgZnjgYvvvJ8iXSwgIm9yaWdpbmFsIjogIuaXpeacrOOBrua4hea9lOOBleOBr+S7luOBruWbveOBqOavlOi8g+OBl+OBpuWEquOCjOOBpuOBhOOCi+OBqOaAneOBhOOBvuOBmeOBi++8nyJ9LCB7InF1ZXN0aW9ucyI6IFsi6Kaz5YWJ44Gu6a2F5Yqb44Go44GX44Gm5pel5pys44Gu5riF5r2U44GV44KS6KaL44Gm44GE44G+44GZ44GL77yfIiwgIuaXpeacrOOBrua4hea9lOOBleOBr+ims+WFieOBrumtheWKm+OBqOOBl+OBpuiqjeitmOOBleOCjOOBpuOBhOOBvuOBmeOBi++8nyIsICLml6XmnKzjga7muIXmvZTjgZXjga/oprPlhYnjga7prYXlipvjga7kuIDjgaTjgaDjgajmgJ3jgYTjgb7jgZnjgYvvvJ8iLCAi6Kaz5YWJ44Gu6a2F5Yqb44Go44GX44Gm44CB5pel5pys44Gu5riF5r2U44GV44Gv6YeN6KaB44Gg44Go5oSf44GY44G+44GZ44GL77yfIiwgIuaXpeacrOOBrua4hea9lOOBleOBjOims+WFieOBrumtheWKm+OBq+WvhOS4juOBl+OBpuOBhOOCi+OBqOaAneOBhOOBvuOBmeOBi++8nyJdLCAib3JpZ2luYWwiOiAi5pel5pys44Gu5riF5r2U44GV44Gv6Kaz5YWJ44Gu6a2F5Yqb44Gu5LiA44Gk44Gg44Go5oCd44GE44G+44GZ44GL77yfIn0sIHsicXVlc3Rpb25zIjogWyLml6XmnKzjga7ooZfjga/muIXmvZTjgaDjgajmgJ3jgYTjgb7jgZnjgYvvvJ8iLCAi44GC44Gq44Gf44Gv5pel5pys44Gu6KGX44GM5riF5r2U44Gg44Go5oSf44GY44G+44GZ44GL77yfIiwgIuaXpeacrOOBrumDveW4gumDqOOBr+OBjeOCjOOBhOOBoOOBqOaEn+OBmOOBvuOBmeOBi++8nyIsICLml6XmnKzjga7luILooZflnLDjga/mlbTnhLbjgajjgZfjgabjgYTjgovjgajmgJ3jgYTjgb7jgZnjgYvvvJ8iLCAi5pel5pys44Gu6KGX44Gu5riF5r2U44GV44Gr44Gk44GE44Gm44Gp44GG5oCd44GE44G+44GZ44GL77yfIl0sICJvcmlnaW5hbCI6ICLml6XmnKzjga7ooZfjga/muIXmvZTjgaDjgajmgJ3jgYTjgb7jgZnjgYvvvJ8ifSwgeyJxdWVzdGlvbnMiOiBbIuOAjOaXpeacrOS6uuOBr+a4hea9lOOBleOBq+WvvuOBmeOCi+aEj+itmOOBjOmrmOOBhOOBqOaEn+OBmOOBvuOBmeOBi++8n+OAjSIsICLml6XmnKzkurrjga/muIXmvZTjgZXjgavlr77jgZfjgabpq5jjgYTmhI/orZjjgpLmjIHjgaPjgabjgYTjgovjgajmgJ3jgYTjgb7jgZnjgYvvvJ8iLCAi44CM5pel5pys5Lq644Gv5riF5r2U44GV44Gr5a++44GZ44KL6KqN6K2Y44GM6auY44GE44Go5oCd44GE44G+44GZ44GL77yf44CNIiwgIuOAjOaXpeacrOS6uuOBr+a4hea9lOOBleOBq+WvvuOBl+OBpumHjeimluOBl+OBpuOBhOOCi+OBqOaAneOCj+OCjOOBvuOBmeOBi++8n+OAjSIsICLjgIzml6XmnKzkurrjga/muIXmvZTjgZXjgavlr77jgZnjgovkvqHlgKToprPjgYzpq5jjgYTjgajogIPjgYjjgb7jgZnjgYvvvJ/jgI0iXSwgIm9yaWdpbmFsIjogIuaXpeacrOS6uuOBr+a4hea9lOOBleOBq+WvvuOBl+OBpumrmOOBhOaEj+itmOOCkuaMgeOBo+OBpuOBhOOCi+OBqOaAneOBhOOBvuOBmeOBi++8nyJ9XQ=="
"日本の礼儀","['日本の礼儀は世界中で評価されていますか？', '日本の礼儀は他の国にも尊重されるべきですか？', '日本の礼儀は日本文化の一部と言えますか？']","W3sicXVlc3Rpb25zIjogWyLjgIzml6XmnKzjga7npLzlhIDkvZzms5Xjga/lhajkuJbnlYzjgafoqZXkvqHjgZXjgozjgabjgYTjgovjgajmhJ/jgZjjgb7jgZnjgYvvvJ/jgI0iLCAi5pel5pys44Gu56S85YSA44Gv5LiW55WM5Lit44Gn6KmV5L6h44GV44KM44Gm44GE44G+44GZ44GL77yfIiwgIuOAjOaXpeacrOOBruekvOevgOOBr+S4lueVjOS4reOBp+iqjeOCgeOCieOCjOOBpuOBhOOBvuOBmeOBi++8n+OAjSIsICLjgIzml6XmnKzjga7jg57jg4rjg7zjga/kuJbnlYznmoTjgavoqZXkvqHjgZXjgozjgabjgYTjgovjgajmgJ3jgYTjgb7jgZnjgYvvvJ/jgI0iLCAi44CM5pel5pys44Gu44Ko44OB44Kx44OD44OI44Gv5LiW55WM5Lit44Gn6auY44GP6KmV5L6h44GV44KM44Gm44GE44G+44GZ44GL77yf44CNIl0sICJvcmlnaW5hbCI6ICLml6XmnKzjga7npLzlhIDjga/kuJbnlYzkuK3jgafoqZXkvqHjgZXjgozjgabjgYTjgb7jgZnjgYvvvJ8ifSwgeyJxdWVzdGlvbnMiOiBbIuS7luOBruWbveOBr+aXpeacrOOBruekvOWEgOOCkuWwiumHjeOBmeOCi+OBueOBjeOBoOOBqOiAg+OBiOOBvuOBmeOBi++8nyIsICLml6XmnKzjga7npLzlhIDjga/ku5bjga7lm73jgavlsIrmlazjgZXjgozjgovjgbnjgY3jgaDjgajmgJ3jgYTjgb7jgZnjgYvvvJ8iLCAi5LuW44Gu5Zu944KC5pel5pys44Gu56S85YSA44KS5bCK6YeN44GZ44G544GN44Gg44Go5oCd44GE44G+44GZ44GL77yfIiwgIuaXpeacrOOBruekvOWEgOOBr+S7luOBruWbveOBq+OCguWwiumHjeOBleOCjOOCi+OBueOBjeOBp+OBmeOBi++8nyIsICLku5bjga7lm73jgYzml6XmnKzjga7npLzlhIDjgpLlsIrph43jgZnjgovjgbnjgY3jgaDjgajmhJ/jgZjjgb7jgZnjgYvvvJ8iXSwgIm9yaWdpbmFsIjogIuaXpeacrOOBruekvOWEgOOBr+S7luOBruWbveOBq+OCguWwiumHjeOBleOCjOOCi+OBueOBjeOBp+OBmeOBi++8nyJ9LCB7InF1ZXN0aW9ucyI6IFsi44CM5pel5pys44Gu56S85YSA44Gv5pel5pys5paH5YyW44Gu5LiA6YOo44Go5L2N572u44Gl44GR44KJ44KM44G+44GZ44GL77yf44CNIiwgIuaXpeacrOOBruekvOWEgOOBr+aXpeacrOaWh+WMluOBruS4gOmDqOOBqOiogOOBiOOBvuOBmeOBi++8nyIsICLjgIzml6XmnKzjga7npLzlhIDjga/ml6XmnKzmlofljJbjga7kuIDpg6jjgajogIPjgYjjgonjgozjgb7jgZnjgYvvvJ/jgI0iLCAi44CM5pel5pys44Gu56S85YSA44Gv5pel5pys5paH5YyW44Gu5LiA6YOo44Go6KaL44Gq44GZ44GT44Go44GM44Gn44GN44G+44GZ44GL77yf44CNIiwgIuOAjOaXpeacrOOBruekvOWEgOOBr+aXpeacrOaWh+WMluOBruS4gOmDqOOBqOiqjeitmOOBp+OBjeOBvuOBmeOBi++8n+OAjSJdLCAib3JpZ2luYWwiOiAi5pel5pys44Gu56S85YSA44Gv5pel5pys5paH5YyW44Gu5LiA6YOo44Go6KiA44GI44G+44GZ44GL77yfIn1d"
"日本の科学技術","['日本の科学技術の進歩は社会全体に利益をもたらしていると思いますか？', '日本の科学技術は世界的に高いレベルにあると思いますか？', '日本の科学技術は今後も発展し続けると思いますか？', '日本の科学技術は他の国々に影響を与えていると思いますか？', '日本の科学技術は革新的だと思いますか？']","W3sicXVlc3Rpb25zIjogWyLjgIzml6XmnKzjga7np5HlrabmioDooZPjga7nmbrlsZXjga/lhajnpL7kvJrjgavjg5fjg6njgrnjgaDjgajmhJ/jgZjjgb7jgZnjgYvvvJ/jgI0iLCAi44CM5pel5pys44Gu56eR5a2m5oqA6KGT44Gu55m66YGU44Gv5YWo5L2T55qE44Gr56S+5Lya44Gr5Yip55uK44KS44KC44Gf44KJ44GX44Gm44GE44KL44Go6KqN6K2Y44GX44Gm44GE44G+44GZ44GL77yf44CNIiwgIuOAjOaXpeacrOOBruenkeWtpuaKgOihk+OBrumAsuatqeOBjOekvuS8muWFqOS9k+OBq+WIqeeCueOCkuaPkOS+m+OBl+OBpuOBhOOCi+OBqOaAneOBhOOBvuOBmeOBi++8n+OAjSIsICLjgIzml6XmnKzjga7np5HlrabmioDooZPjga7lkJHkuIrjga/npL7kvJrlhajkvZPjgavmnInnm4rjgaDjgajogIPjgYjjgb7jgZnjgYvvvJ/jgI0iLCAi5pel5pys44Gu56eR5a2m5oqA6KGT44Gu6YCy5q2p44Gv56S+5Lya5YWo5L2T44Gr5Yip55uK44KS44KC44Gf44KJ44GX44Gm44GE44KL44Go5oCd44GE44G+44GZ44GL77yfIl0sICJvcmlnaW5hbCI6ICLml6XmnKzjga7np5HlrabmioDooZPjga7pgLLmranjga/npL7kvJrlhajkvZPjgavliKnnm4rjgpLjgoLjgZ/jgonjgZfjgabjgYTjgovjgajmgJ3jgYTjgb7jgZnjgYvvvJ8ifSwgeyJxdWVzdGlvbnMiOiBbIuaXpeacrOOBruenkeWtpuaKgOihk+OBruOCueOCv+ODs+ODgOODvOODieOBr+S4lueVjOeahOOBq+imi+OBpuOCgumrmOOBhOOBqOiAg+OBiOOBvuOBmeOBi++8nyIsICLml6XmnKzjga7np5HlrabmioDooZPjga7pgLLmranjga/kuJbnlYznmoTjgavopovjgabjgoLpq5jjgYTjgajmgJ3jgYTjgb7jgZnjgYvvvJ8iLCAi5pel5pys44Gu56eR5a2m5oqA6KGT44Gv5LiW55WM55qE44Gr6auY44GE44Os44OZ44Or44Gr44GC44KL44Go5oCd44GE44G+44GZ44GL77yfIiwgIuaXpeacrOOBruenkeWtpuaKgOihk+OBr+S4lueVjOOBruODiOODg+ODl+ODrOODmeODq+OBoOOBqOaAneOBhOOBvuOBmeOBi++8nyIsICLml6XmnKzjga7np5HlrabmioDooZPjga7jg6zjg5njg6vjga/kuJbnlYznmoTjgavpq5jjgYTjgajmhJ/jgZjjgb7jgZnjgYvvvJ8iXSwgIm9yaWdpbmFsIjogIuaXpeacrOOBruenkeWtpuaKgOihk+OBr+S4lueVjOeahOOBq+mrmOOBhOODrOODmeODq+OBq+OBguOCi+OBqOaAneOBhOOBvuOBmeOBi++8nyJ9LCB7InF1ZXN0aW9ucyI6IFsi44CM5pel5pys44Gu56eR5a2m5oqA6KGT44Gv5bCG5p2l55qE44Gr44KC6YCy5q2p44KS57aa44GR44KL44Go6ICD44GI44G+44GZ44GL77yf44CNIiwgIuOAjOaXpeacrOOBruenkeWtpuaKgOihk+OBr+WwhuadpeOCgueZuuWxleOCkue2reaMgeOBmeOCi+OBqOimi+i+vOOBv+OBvuOBmeOBi++8n+OAjSIsICLjgIzml6XmnKzjga7np5HlrabmioDooZPjga/ku4rlvozjgoLlkJHkuIrjgZfntprjgZHjgovjgajmgJ3jgo/jgozjgb7jgZnjgYvvvJ/jgI0iLCAi44CM5pel5pys44Gu56eR5a2m5oqA6KGT44Gv5LuK5b6M44KC5oiQ6ZW344KS57aa44GR44KL44Go5LqI5oOz44GX44G+44GZ44GL77yf44CNIiwgIuaXpeacrOOBruenkeWtpuaKgOihk+OBr+S7iuW+jOOCgueZuuWxleOBl+e2muOBkeOCi+OBqOaAneOBhOOBvuOBmeOBi++8nyJdLCAib3JpZ2luYWwiOiAi5pel5pys44Gu56eR5a2m5oqA6KGT44Gv5LuK5b6M44KC55m65bGV44GX57aa44GR44KL44Go5oCd44GE44G+44GZ44GL77yfIn0sIHsicXVlc3Rpb25zIjogWyLml6XmnKzjga7np5HlrabmioDooZPjgYzku5blm73jgavlvbHpn7/jgpLlj4rjgbzjgZfjgabjgYTjgovjgajmhJ/jgZjjgb7jgZnjgYvvvJ8iLCAi5pel5pys44Gu56eR5a2m5oqA6KGT44GM5LuW44Gu5Zu944CF44Gr5b2x6Z+/44KS5LiO44GI44KL44Go44GE44GG6KaL6Kej44Gr6LOb5oiQ44Gn44GZ44GL77yfIiwgIuaXpeacrOOBruenkeWtpuaKgOihk+OBr+S7luOBruWbveOAheOBq+W9semfv+OCkuS4juOBiOOBpuOBhOOCi+OBqOaAneOBhOOBvuOBmeOBi++8nyIsICLml6XmnKzjga7np5HlrabmioDooZPjga/ku5blm73jgavlvbHpn7/lipvjgpLmjIHjgaPjgabjgYTjgovjgajogIPjgYjjgb7jgZnjgYvvvJ8iLCAi5LuW44Gu5Zu944CF44GM5pel5pys44Gu56eR5a2m5oqA6KGT44GL44KJ5b2x6Z+/44KS5Y+X44GR44Gm44GE44KL44Go5oCd44GE44G+44GZ44GL77yfIl0sICJvcmlnaW5hbCI6ICLml6XmnKzjga7np5HlrabmioDooZPjga/ku5bjga7lm73jgIXjgavlvbHpn7/jgpLkuI7jgYjjgabjgYTjgovjgajmgJ3jgYTjgb7jgZnjgYvvvJ8ifSwgeyJxdWVzdGlvbnMiOiBbIuaXpeacrOOBruenkeWtpuaKgOihk+OBq+OBpOOBhOOBpuOAgeOBneOCjOOBjOmdqeaWsOeahOOBoOOBqOaAneOBhOOBvuOBmeOBi++8nyIsICLml6XmnKzjga7np5HlrabmioDooZPjga/pnanmlrDnmoTjgaDjgajmgJ3jgYTjgb7jgZnjgYvvvJ8iLCAi44GC44Gq44Gf44Gv5pel5pys44Gu56eR5a2m5oqA6KGT44GM6Z2p5paw55qE44Gg44Go6ICD44GI44G+44GZ44GL77yfIiwgIuaXpeacrOOBruenkeWtpuaKgOihk+OBjOmdqeaWsOeahOOBoOOBqOOBguOBquOBn+OBr+iqjeitmOOBl+OBpuOBhOOBvuOBmeOBi++8nyIsICLml6XmnKzjga7np5HlrabmioDooZPjga/pnanmlrDnmoTjgaDjgajmhJ/jgZjjgb7jgZnjgYvvvJ8iXSwgIm9yaWdpbmFsIjogIuaXpeacrOOBruenkeWtpuaKgOihk+OBr+mdqeaWsOeahOOBoOOBqOaAneOBhOOBvuOBmeOBi++8nyJ9XQ=="
"日本の経済","['日本の技術力は世界中から評価されていますか？', '日本の経済は世界でトップ3に入るほど強力ですか？', '日本の経済は今後も成長を続けると思いますか？', '日本の経済は安定していますか？']","W3sicXVlc3Rpb25zIjogWyLml6XmnKzjga7mioDooZPlipvjga/lhajkuJbnlYzjgYvjgonpq5jjgYToqZXkvqHjgpLlj5fjgZHjgabjgYTjgb7jgZnjgYvvvJ8iLCAi5pel5pys44Gu5oqA6KGT5Yqb44Gv5LiW55WM5Lit44Gn6KqN44KB44KJ44KM44Gm44GE44G+44GZ44GL77yfIiwgIuaXpeacrOOBruaKgOihk+WKm+OBr+S4lueVjOeahOOBq+ipleS+oeOBleOCjOOBpuOBhOOCi+OBqOaAneOBhOOBvuOBmeOBi++8nyIsICLml6XmnKzjga7mioDooZPlipvjga/kuJbnlYzkuK3jgYvjgonoqZXkvqHjgZXjgozjgabjgYTjgb7jgZnjgYvvvJ8iLCAi5LiW55WM5Lit44GL44KJ5pel5pys44Gu5oqA6KGT5Yqb44Gv6KmV5L6h44GV44KM44Gm44GE44KL44Go5oSf44GY44G+44GZ44GL77yfIl0sICJvcmlnaW5hbCI6ICLml6XmnKzjga7mioDooZPlipvjga/kuJbnlYzkuK3jgYvjgonoqZXkvqHjgZXjgozjgabjgYTjgb7jgZnjgYvvvJ8ifSwgeyJxdWVzdGlvbnMiOiBbIuaXpeacrOOBrue1jOa4iOOBr+S4lueVjOOBp+acgOOCguW8t+WKm+OBqjPjgaTjga7jgYbjgaHjga4x44Gk44Gn44GZ44GL77yfIiwgIuaXpeacrOOBrue1jOa4iOOBr+S4lueVjOOBp+ODiOODg+ODlzPjgavlhaXjgovjgbvjganlvLflipvjgafjgZnjgYvvvJ8iLCAi5pel5pys44Gu57WM5riI44Gv5LiW55WM44Gn44OI44OD44OXM+OBq+S9jee9ruOBl+OBpuOBhOOBvuOBmeOBi++8nyIsICLml6XmnKzjga7ntYzmuIjlipvjga/kuJbnlYzjgacz5L2N5Lul5YaF44Gr5YWl44KL44G744Gp44Gn44GZ44GL77yfIiwgIuaXpeacrOOBrue1jOa4iOOBr+S4lueVjOOBpzPkvY3ku6XlhoXjgavjg6njg7Pjgq/jgqTjg7PjgZfjgabjgYTjgb7jgZnjgYvvvJ8iXSwgIm9yaWdpbmFsIjogIuaXpeacrOOBrue1jOa4iOOBr+S4lueVjOOBp+ODiOODg+ODlzPjgavlhaXjgovjgbvjganlvLflipvjgafjgZnjgYvvvJ8ifSwgeyJxdWVzdGlvbnMiOiBbIuOAjOaXpeacrOOBrue1jOa4iOOBr+OBk+OCjOOBi+OCieOCguaLoeWkp+OBmeOCi+OBqOS6iOaDs+OBl+OBvuOBmeOBi++8n+OAjSIsICLml6XmnKzjga7ntYzmuIjjga/ku4rlvozjgoLmiJDplbfjgpLntprjgZHjgovjgajmgJ3jgYTjgb7jgZnjgYvvvJ8iLCAi44CM5pel5pys44Gu57WM5riI44Gv5LuK5b6M44KC5aKX5aSn44GZ44KL44Go6ICD44GI44G+44GZ44GL77yf44CNIiwgIuOAjOaXpeacrOOBrue1jOa4iOOBr+S7iuW+jOOCgumAsuWxleOCkue2muOBkeOCi+OBqOimi+i+vOOBv+OBvuOBmeOBi++8n+OAjSIsICLjgIzml6XmnKzjga7ntYzmuIjjga/lsIbmnaXjgoLnmbrlsZXjgpLntprjgZHjgovjgajmgJ3jgo/jgozjgb7jgZnjgYvvvJ/jgI0iXSwgIm9yaWdpbmFsIjogIuaXpeacrOOBrue1jOa4iOOBr+S7iuW+jOOCguaIkOmVt+OCkue2muOBkeOCi+OBqOaAneOBhOOBvuOBmeOBi++8nyJ9LCB7InF1ZXN0aW9ucyI6IFsi5pel5pys44Gu57WM5riI44Gv5a6J5a6a44GX44Gm44GE44G+44GZ44GL77yfIiwgIuaXpeacrOOBrue1jOa4iOOBr+WuieWumueKtuaFi+OBq+OBguOCiuOBvuOBmeOBi++8nyIsICLml6XmnKzjga7ntYzmuIjjga/lronlrprjgZfjgabjgYTjgovjgajmhJ/jgZjjgb7jgZnjgYvvvJ8iLCAi5pel5pys44Gu57WM5riI44Gv5a6J5a6a44GX44Gm44GE44KL44Go6KiA44GI44G+44GZ44GL77yfIiwgIuaXpeacrOOBrue1jOa4iOOBr+WuieWumuOBl+OBpuOBhOOCi+OBqOaAneOBhOOBvuOBmeOBi++8nyJdLCAib3JpZ2luYWwiOiAi5pel5pys44Gu57WM5riI44Gv5a6J5a6a44GX44Gm44GE44G+44GZ44GL77yfIn1d"
"日本庭園","['日本庭園は日本の精神性を表現していると思いますか？', '日本庭園は日本の美意識を表現していると思いますか？', '日本庭園は観光地として訪れる価値がありますか？', '日本庭園は静けさを感じる場所だと思いますか？']","W3sicXVlc3Rpb25zIjogWyLml6XmnKzluq3lnJLjga/ml6XmnKzjga7nsr7npZ7nmoTjgarlgbTpnaLjgpLnpLrjgZfjgabjgYTjgovjgajmgJ3jgo/jgozjgb7jgZnjgYvvvJ8iLCAi5pel5pys5bqt5ZyS44Gv5pel5pys44Gu57K+56We5oCn44KS6KGo54++44GX44Gm44GE44KL44Go5oCd44GE44G+44GZ44GL77yfIiwgIuaXpeacrOW6reWckuOBr+aXpeacrOOBrueyvuelnuOCkuixoeW+tOOBl+OBpuOBhOOCi+OBqOaEn+OBmOOBvuOBmeOBi++8nyIsICLml6XmnKzluq3lnJLjgYzml6XmnKzjga7nsr7npZ7mgKfjgpLlj43mmKDjgZfjgabjgYTjgovjgajogIPjgYjjgb7jgZnjgYvvvJ8iLCAi5pel5pys5bqt5ZyS44GM5pel5pys44Gu57K+56We5oCn44KS6KGo54++44GZ44KL44Go44GE44GG6KaL5pa544Gr6LOb5oiQ44Gn44GZ44GL77yfIl0sICJvcmlnaW5hbCI6ICLml6XmnKzluq3lnJLjga/ml6XmnKzjga7nsr7npZ7mgKfjgpLooajnj77jgZfjgabjgYTjgovjgajmgJ3jgYTjgb7jgZnjgYvvvJ8ifSwgeyJxdWVzdGlvbnMiOiBbIuaXpeacrOW6reWckuOBr+aXpeacrOOBrue+jueahOims+W/teOCkuihqOOBl+OBpuOBhOOCi+OBqOaAneOCj+OCjOOBvuOBmeOBi++8nyIsICLml6XmnKzluq3lnJLjga/ml6XmnKzjga7nvo7mhI/orZjjgpLooajnj77jgZfjgabjgYTjgovjgajmgJ3jgYTjgb7jgZnjgYvvvJ8iLCAi5pel5pys5bqt5ZyS44Gv5pel5pys44Gu576O55qE5oSf6Kaa44KS5Y+N5pig44GX44Gm44GE44KL44Go5oSf44GY44G+44GZ44GL77yfIiwgIuaXpeacrOW6reWckuOBjOaXpeacrOOBrue+jueahOeQhuino+OCkuixoeW+tOOBl+OBpuOBhOOCi+OBqOaAneOBhOOBvuOBmeOBi++8nyIsICLml6XmnKzluq3lnJLjga/ml6XmnKzjga7nvo7nmoTkvqHlgKToprPjgpLnpLrjgZfjgabjgYTjgovjgajogIPjgYjjgb7jgZnjgYvvvJ8iXSwgIm9yaWdpbmFsIjogIuaXpeacrOW6reWckuOBr+aXpeacrOOBrue+juaEj+itmOOCkuihqOePvuOBl+OBpuOBhOOCi+OBqOaAneOBhOOBvuOBmeOBi++8nyJ9LCB7InF1ZXN0aW9ucyI6IFsi5pel5pys5bqt5ZyS44Gv6Kaz5YWJ5Zyw44Go44GX44Gm6Kiq44KM44KL5L6h5YCk44GM44GC44KK44G+44GZ44GL77yfIiwgIuOAjOaXpeacrOW6reWckuOBr+ims+WFieWcsOOBqOOBl+OBpuimi+OCi+OBueOBjeOBp+OBmeOBi++8n+OAjSIsICLjgIzml6XmnKzluq3lnJLjga/oprPlhYnlnLDjgajjgZfjgaboqKrllY/jgZnjgovkvqHlgKTjgYzjgYLjgorjgb7jgZnjgYvvvJ/jgI0iLCAi44CM5pel5pys5bqt5ZyS44Gv6Kaz5YWJ5Zyw44Go44GX44Gm5L6h5YCk44GM44GC44KL44Go5oCd44GE44G+44GZ44GL77yf44CNIiwgIuOAjOaXpeacrOW6reWckuOBr+ims+WFieWcsOOBqOOBl+OBpuioquOCjOOCi+OBueOBjeOBp+OBmeOBi++8n+OAjSJdLCAib3JpZ2luYWwiOiAi5pel5pys5bqt5ZyS44Gv6Kaz5YWJ5Zyw44Go44GX44Gm6Kiq44KM44KL5L6h5YCk44GM44GC44KK44G+44GZ44GL77yfIn0sIHsicXVlc3Rpb25zIjogWyLjgIzml6XmnKzluq3lnJLjga/nqY/jgoTjgYvjgarpm7Dlm7LmsJfjgpLmhJ/jgZjjgovjgajmgJ3jgYTjgb7jgZnjgYvvvJ/jgI0iLCAi44CM5pel5pys5bqt5ZyS44Gv6JC944Gh552A44GN44KS5oSf44GY44KL5aC05omA44Gg44Go5oSf44GY44G+44GZ44GL77yf44CNIiwgIuaXpeacrOW6reWckuOBr+mdmeOBkeOBleOCkuaEn+OBmOOCi+WgtOaJgOOBoOOBqOaAneOBhOOBvuOBmeOBi++8nyIsICLjgIzml6XmnKzluq3lnJLjga/lubPlkozjgarmhJ/jgZjjgYzjgZnjgovjgajmgJ3jgYTjgb7jgZnjgYvvvJ/jgI0iLCAi44CM5pel5pys5bqt5ZyS44Gv6Z2Z5a+C44KS5oSf44GY44KL44Go5oCd44GE44G+44GZ44GL77yf44CNIl0sICJvcmlnaW5hbCI6ICLml6XmnKzluq3lnJLjga/pnZnjgZHjgZXjgpLmhJ/jgZjjgovloLTmiYDjgaDjgajmgJ3jgYTjgb7jgZnjgYvvvJ8ifV0="
"日本語","['日本語の文字（ひらがな、カタカナ、漢字）は視覚的に魅力的ですか？', '日本語は他の言語と比べて表現力が豊かですか？', '日本語は国際的に広く使われていますか？', '日本語は美しい言語ですか？']","W3sicXVlc3Rpb25zIjogWyLml6XmnKzoqp7jga7mloflrZfvvIjjgbLjgonjgYzjgarjgIHjgqvjgr/jgqvjg4rjgIHmvKLlrZfvvInjga/opovjgZ/nm67jgYznvo7jgZfjgYTjgajmhJ/jgZjjgb7jgZnjgYvvvJ8iLCAi5pel5pys6Kqe44Gu5paH5a2X77yI44Gy44KJ44GM44Gq44CB44Kr44K/44Kr44OK44CB5ryi5a2X77yJ44Gv6KaW6Kaa55qE44Gr6a2F5Yqb44GM44GC44KL44Go5oCd44GE44G+44GZ44GL77yfIiwgIuaXpeacrOiqnuOBruaWh+Wtl++8iOOBsuOCieOBjOOBquOAgeOCq+OCv+OCq+ODiuOAgea8ouWtl++8ieOBr+imi+OBn+ebruOBjOmtheWKm+eahOOBoOOBqOaAneOBhOOBvuOBmeOBi++8nyIsICLml6XmnKzoqp7jga7mloflrZfvvIjjgbLjgonjgYzjgarjgIHjgqvjgr/jgqvjg4rjgIHmvKLlrZfvvInjga/oppbopprnmoTjgavprYXlipvnmoTjgafjgZnjgYvvvJ8iLCAi5pel5pys6Kqe44Gu5paH5a2X77yI44Gy44KJ44GM44Gq44CB44Kr44K/44Kr44OK44CB5ryi5a2X77yJ44Gv6KaW6Kaa55qE44Gr6a2F5Yqb55qE44Gg44Go5oSf44GY44G+44GZ44GL77yfIl0sICJvcmlnaW5hbCI6ICLml6XmnKzoqp7jga7mloflrZfvvIjjgbLjgonjgYzjgarjgIHjgqvjgr/jgqvjg4rjgIHmvKLlrZfvvInjga/oppbopprnmoTjgavprYXlipvnmoTjgafjgZnjgYvvvJ8ifSwgeyJxdWVzdGlvbnMiOiBbIuS7luOBruiogOiqnuOBqOavlOi8g+OBl+OBpuOAgeaXpeacrOiqnuOBruihqOePvuWKm+OBr+ixiuOBi+OBoOOBqOaAneOBhOOBvuOBmeOBi++8nyIsICLml6XmnKzoqp7jga/ku5bjga7oqIDoqp7jgajmr5Tjgbnjgabooajnj77lipvjgYzosYrjgYvjgafjgZnjgYvvvJ8iLCAi5pel5pys6Kqe44Gv5LuW44Gu6KiA6Kqe44Gr5q+U44G544Gm6KGo54++44GM6LGK44GL44Gg44Go6ICD44GI44G+44GZ44GL77yfIiwgIuS7luOBruiogOiqnuOBqOavlOOBueOBpuOAgeaXpeacrOiqnuOBr+ihqOePvuWKm+OBjOixiuOBi+OBoOOBqOiogOOBiOOBvuOBmeOBi++8nyIsICLml6XmnKzoqp7jga7ooajnj77lipvjga/ku5bjga7oqIDoqp7jgojjgorjgoLlhKrjgozjgabjgYTjgovjgajmhJ/jgZjjgb7jgZnjgYvvvJ8iXSwgIm9yaWdpbmFsIjogIuaXpeacrOiqnuOBr+S7luOBruiogOiqnuOBqOavlOOBueOBpuihqOePvuWKm+OBjOixiuOBi+OBp+OBmeOBi++8nyJ9LCB7InF1ZXN0aW9ucyI6IFsi5pel5pys6Kqe44Gv5Zu96Zqb56S+5Lya44Gn5bqD44GP5Y+X44GR5YWl44KM44KJ44KM44Gm44GE44G+44GZ44GL77yfIiwgIuaXpeacrOiqnuOBr+Wbvemam+eahOOBq+W6g+OBj+S9v+OCj+OCjOOBpuOBhOOBvuOBmeOBi++8nyIsICLml6XmnKzoqp7jga/kuJbnlYzkuK3jgafluoPjgY/kvb/nlKjjgZXjgozjgabjgYTjgb7jgZnjgYvvvJ8iLCAi5pel5pys6Kqe44Gv5Zu96Zqb55qE44Gr5LiA6Iis55qE44Gr5L2/44KP44KM44Gm44GE44G+44GZ44GL77yfIiwgIuaXpeacrOiqnuOBr+WFqOS4lueVjOOBp+W6g+evhOWbsuOBq+S9v+OCj+OCjOOBpuOBhOOBvuOBmeOBi++8nyJdLCAib3JpZ2luYWwiOiAi5pel5pys6Kqe44Gv5Zu96Zqb55qE44Gr5bqD44GP5L2/44KP44KM44Gm44GE44G+44GZ44GL77yfIn0sIHsicXVlc3Rpb25zIjogWyLml6XmnKzoqp7jga/prYXlipvnmoTjgaroqIDoqp7jgajoqIDjgYjjgb7jgZnjgYvvvJ8iLCAi5pel5pys6Kqe44Gv6a2F5Yqb55qE44Gq6KiA6Kqe44Gg44Go5oCd44GE44G+44GZ44GL77yfIiwgIuaXpeacrOiqnuOBr+e0oOaZtOOCieOBl+OBhOiogOiqnuOBqOiogOOBiOOBvuOBmeOBi++8nyIsICLml6XmnKzoqp7jga/nvo7jgZfjgYTjgajmhJ/jgZjjgb7jgZnjgYvvvJ8iLCAi5pel5pys6Kqe44Gv576O44GX44GE6KiA6Kqe44Gn44GZ44GL77yfIl0sICJvcmlnaW5hbCI6ICLml6XmnKzoqp7jga/nvo7jgZfjgYToqIDoqp7jgafjgZnjgYvvvJ8ifV0="
"日本酒","['日本酒の製法は他の酒の製法よりも複雑だと思いますか？', '日本酒は他のアルコール飲料よりも優れていると思いますか？', '日本酒は国際的にもっと認知されるべきだと思いますか？', '日本酒は日本の文化を象徴していると思いますか？']","W3sicXVlc3Rpb25zIjogWyLku5bjga7phZLjgajmr5TjgbnjgabjgIHml6XmnKzphZLjga7oo73ms5Xjga/jgojjgoropIfpm5HjgaDjgajogIPjgYjjgb7jgZnjgYvvvJ8iLCAi5pel5pys6YWS44Gu6KO96YCg5pa55rOV44Gv5LuW44Gu6YWS44KI44KK44KC6KSH6ZuR44Gg44Go5oCd44GE44G+44GZ44GL77yfIiwgIuS7luOBrumFkuOBruijveazleOBq+avlOOBueOBpuOAgeaXpeacrOmFkuOBruijveazleOBr+ikh+mbkeOBoOOBqOaEn+OBmOOBvuOBmeOBi++8nyIsICLml6XmnKzphZLjga7oo73ms5Xjga/ku5bjga7phZLjga7oo73ms5XjgojjgorjgoLopIfpm5HjgaDjgajmgJ3jgYTjgb7jgZnjgYvvvJ8iLCAi5pel5pys6YWS44Gu6KO96YCg6YGO56iL44Gv5LuW44Gu6YWS6aGe44Go5q+U6LyD44GX44Gm6KSH6ZuR44Gg44Go5oCd44KP44KM44G+44GZ44GL77yfIl0sICJvcmlnaW5hbCI6ICLml6XmnKzphZLjga7oo73ms5Xjga/ku5bjga7phZLjga7oo73ms5XjgojjgorjgoLopIfpm5HjgaDjgajmgJ3jgYTjgb7jgZnjgYvvvJ8ifSwgeyJxdWVzdGlvbnMiOiBbIuS7luOBruOCouODq+OCs+ODvOODq+mjsuaWmeOBqOavlOi8g+OBl+OBpuOAgeaXpeacrOmFkuOBjOWEquOCjOOBpuOBhOOCi+OBqOaAneOBhOOBvuOBmeOBi++8nyIsICLjgYLjgarjgZ/jga/ku5bjga7jgqLjg6vjgrPjg7zjg6vpo7LmlpnjgojjgorjgoLml6XmnKzphZLjgYzlhKrjgozjgabjgYTjgovjgajmgJ3jgYTjgb7jgZnjgYvvvJ8iLCAi44GC44Gq44Gf44Gv5pel5pys6YWS44GM5LuW44Gu44Ki44Or44Kz44O844Or6aOy5paZ44Gr5q+U44G544Gm5YSq44KM44Gm44GE44KL44Go5oSf44GY44G+44GZ44GL77yfIiwgIuaXpeacrOmFkuOBr+S7luOBruOCouODq+OCs+ODvOODq+mjsuaWmeOCiOOCiuOCguWEquOCjOOBn+OCguOBruOBoOOBqOiAg+OBiOOBvuOBmeOBi++8nyIsICLml6XmnKzphZLjga/ku5bjga7jgqLjg6vjgrPjg7zjg6vpo7LmlpnjgojjgorjgoLlhKrjgozjgabjgYTjgovjgajmgJ3jgYTjgb7jgZnjgYvvvJ8iXSwgIm9yaWdpbmFsIjogIuaXpeacrOmFkuOBr+S7luOBruOCouODq+OCs+ODvOODq+mjsuaWmeOCiOOCiuOCguWEquOCjOOBpuOBhOOCi+OBqOaAneOBhOOBvuOBmeOBi++8nyJ9LCB7InF1ZXN0aW9ucyI6IFsi5pel5pys6YWS44Gv44KC44Gj44Go5Zu96Zqb55qE44Gr6KmV5L6h44GV44KM44KL44G544GN44Gg44Go5oCd44GE44G+44GZ44GL77yfIiwgIuaXpeacrOmFkuOBruWbvemam+eahOOBquiqjeitmOW6puOCkumrmOOCgeOCi+OBueOBjeOBoOOBqOaAneOBhOOBvuOBmeOBi++8nyIsICLml6XmnKzphZLjga/jgoLjgaPjgajkuJbnlYznmoTjgavnn6XjgonjgozjgovjgbnjgY3jgaDjgajogIPjgYjjgb7jgZnjgYvvvJ8iLCAi5pel5pys6YWS44Gv5Zu96Zqb55qE44Gr44KC44Gj44Go6KqN55+l44GV44KM44KL44G544GN44Gg44Go5oCd44GE44G+44GZ44GL77yfIiwgIuaXpeacrOmFkuOBruS4lueVjOeahOOBquiqjeefpeW6puOCkuS4iuOBkuOCi+OBueOBjeOBoOOBqOaEn+OBmOOBvuOBmeOBi++8nyJdLCAib3JpZ2luYWwiOiAi5pel5pys6YWS44Gv5Zu96Zqb55qE44Gr44KC44Gj44Go6KqN55+l44GV44KM44KL44G544GN44Gg44Go5oCd44GE44G+44GZ44GL77yfIn0sIHsicXVlc3Rpb25zIjogWyLml6XmnKzphZLjga/ml6XmnKzjga7mlofljJbjga7osaHlvrTjgaDjgajmgJ3jgYTjgb7jgZnjgYvvvJ8iLCAi5pel5pys6YWS44Gv5pel5pys44Gu5paH5YyW44KS6KGo54++44GX44Gm44GE44KL44Go6ICD44GI44G+44GZ44GL77yfIiwgIuaXpeacrOmFkuOBr+aXpeacrOOBruaWh+WMluOCkuixoeW+tOOBl+OBpuOBhOOCi+OBqOaAneOBhOOBvuOBmeOBi++8nyIsICLml6XmnKzphZLjgYzml6XmnKzjga7mlofljJbjgpLlj43mmKDjgZfjgabjgYTjgovjgajmgJ3jgYTjgb7jgZnjgYvvvJ8iLCAi5pel5pys6YWS44Gv5pel5pys44Gu5paH5YyW44KS5Luj6KGo44GX44Gm44GE44KL44Go5oSf44GY44G+44GZ44GL77yfIl0sICJvcmlnaW5hbCI6ICLml6XmnKzphZLjga/ml6XmnKzjga7mlofljJbjgpLosaHlvrTjgZfjgabjgYTjgovjgajmgJ3jgYTjgb7jgZnjgYvvvJ8ifV0="
"桜","['桜の美しさと儚さは日本人の美意識を反映していると思いますか？', '桜の花びらが舞う風景は美しいと思いますか？', '桜の花見は日本の風物詩だと思いますか？', '桜は日本の国花だと思いますか？', '桜は日本の春を象徴する花だと思いますか？']","W3sicXVlc3Rpb25zIjogWyLmoZzjga7nvo7jgZfjgZXjgajlhJrjgZXjgYzml6XmnKzkurrjga7nvo7mhI/orZjjgpLooajnj77jgZfjgabjgYTjgovjgajmgJ3jgo/jgozjgb7jgZnjgYvvvJ8iLCAi5qGc44Gu576O44GX44GV44Go5YSa44GV44Gv5pel5pys5Lq644Gu576O55qE55CG6Kej44KS5Y+N5pig44GX44Gm44GE44KL44Go5oCd44GE44G+44GZ44GL77yfIiwgIuahnOOBrue+juOBl+OBleOBqOWEmuOBleOBr+aXpeacrOS6uuOBrue+jueahOaEn+immuOCkuihqOOBl+OBpuOBhOOCi+OBqOaEn+OBmOOBvuOBmeOBi++8nyIsICLmoZzjga7nvo7jgZfjgZXjgajlhJrjgZXjga/ml6XmnKzkurrjga7nvo7nmoTkvqHlgKToprPjgpLosaHlvrTjgZfjgabjgYTjgovjgajogIPjgYjjgb7jgZnjgYvvvJ8iLCAi5qGc44Gu576O44GX44GV44Go5YSa44GV44Gv5pel5pys5Lq644Gu576O5oSP6K2Y44KS5Y+N5pig44GX44Gm44GE44KL44Go5oCd44GE44G+44GZ44GL77yfIl0sICJvcmlnaW5hbCI6ICLmoZzjga7nvo7jgZfjgZXjgajlhJrjgZXjga/ml6XmnKzkurrjga7nvo7mhI/orZjjgpLlj43mmKDjgZfjgabjgYTjgovjgajmgJ3jgYTjgb7jgZnjgYvvvJ8ifSwgeyJxdWVzdGlvbnMiOiBbIuahnOOBruiKseOBs+OCieOBjOiInuOBhumiqOaZr+OBr+e+juOBl+OBhOOBqOaEn+OBmOOCi++8nyIsICLmoZzjga7oirHjgbPjgonjgYzoiJ7jgaPjgabjgYTjgovpoqjmma/jga/nvo7jgZfjgYTjgajmhJ/jgZjjgb7jgZnjgYvvvJ8iLCAi5qGc44Gu6Iqx44Gz44KJ44GM6Iie44GG6aKo5pmv44Gv576O44GX44GE44Go5oCd44GE44G+44GZ44GL77yfIiwgIuahnOOBruiKseOBs+OCieOBjOiInuOBhuWFieaZr+OBr+e+juOBl+OBhOOBqOaAneOBhu+8nyIsICLmoZzjga7oirHjgbPjgonjgYzoiJ7jgYbpoqjmma/jga/nvo7jgZfjgYTjgajmhJ/jgZjjgb7jgZnjgYvvvJ8iXSwgIm9yaWdpbmFsIjogIuahnOOBruiKseOBs+OCieOBjOiInuOBhumiqOaZr+OBr+e+juOBl+OBhOOBqOaAneOBhOOBvuOBmeOBi++8nyJ9LCB7InF1ZXN0aW9ucyI6IFsi5qGc44Gu6Iqx6KaL44Gv5pel5pys44Gu6aKo54mp6Kmp44Gg44Go5oCd44GE44G+44GZ44GL77yfIiwgIuOAjOahnOOBruiKseimi+OBr+aXpeacrOOBrumiqOeJqeipqeOBoOOBqOaEn+OBmOOBvuOBmeOBi++8n+OAjSIsICLjgIzjgYLjgarjgZ/jga/moZzjga7oirHopovjgpLml6XmnKzjga7poqjnianoqanjgajogIPjgYjjgb7jgZnjgYvvvJ/jgI0iLCAi44CM5qGc44Gu6Iqx6KaL44Gv5pel5pys44Gu6aKo54mp6Kmp44Gg44Go6KqN6K2Y44GX44Gm44GE44G+44GZ44GL77yf44CNIiwgIuOAjOahnOOBruiKseimi+OBjOaXpeacrOOBrumiqOeJqeipqeOBoOOBqOaAneOBhuOBqOOBhOOBhuaEj+imi+OBq+izm+aIkOOBp+OBmeOBi++8n+OAjSJdLCAib3JpZ2luYWwiOiAi5qGc44Gu6Iqx6KaL44Gv5pel5pys44Gu6aKo54mp6Kmp44Gg44Go5oCd44GE44G+44GZ44GL77yfIn0sIHsicXVlc3Rpb25zIjogWyLmoZzjga/ml6XmnKzjga7lm73oirHjgaDjgajmgJ3jgYTjgb7jgZnjgYvvvJ8iLCAi44CM5qGc44GM5pel5pys44Gu5Zu96Iqx44Gg44Go6KqN6K2Y44GX44Gm44GE44G+44GZ44GL77yf44CNIiwgIuOAjOOBguOBquOBn+OBruaEj+imi+OBp+OBr+OAgeahnOOBr+aXpeacrOOBruWbveiKseOBp+OBmeOBi++8n+OAjSIsICLjgIzjgYLjgarjgZ/jgavjgajjgaPjgabjgIHmoZzjga/ml6XmnKzjga7lm73oirHjgajoqIDjgYjjgb7jgZnjgYvvvJ/jgI0iLCAi44CM44GC44Gq44Gf44Gv5qGc44KS5pel5pys44Gu5Zu96Iqx44Go6ICD44GI44Gm44GE44G+44GZ44GL77yf44CNIl0sICJvcmlnaW5hbCI6ICLmoZzjga/ml6XmnKzjga7lm73oirHjgaDjgajmgJ3jgYTjgb7jgZnjgYvvvJ8ifSwgeyJxdWVzdGlvbnMiOiBbIuahnOOBr+aXpeacrOOBruaYpeOCkuihqOePvuOBmeOCi+iKseOBoOOBqOaAneOCj+OCjOOBvuOBmeOBi++8nyIsICLml6XmnKzjga7mmKXjga7osaHlvrTjgajjgZfjgabmoZzjgpLmgJ3jgYTmta7jgYvjgbnjgb7jgZnjgYvvvJ8iLCAi5qGc44Gv5pel5pys44Gu5pil44KS6LGh5b6044GZ44KL6Iqx44Gg44Go5oCd44GE44G+44GZ44GL77yfIiwgIuaXpeacrOOBruaYpeOCkuS7o+ihqOOBmeOCi+iKseOBr+ahnOOBoOOBqOaEn+OBmOOBvuOBmeOBi++8nyIsICLmoZzjgYzml6XmnKzjga7mmKXjga7osaHlvrTjgaDjgajogIPjgYjjgb7jgZnjgYvvvJ8iXSwgIm9yaWdpbmFsIjogIuahnOOBr+aXpeacrOOBruaYpeOCkuixoeW+tOOBmeOCi+iKseOBoOOBqOaAneOBhOOBvuOBmeOBi++8nyJ9XQ=="
"歌舞伎","['歌舞伎は日本の文化遺産の一部ですか？', '歌舞伎は観光地としても人気がありますか？']","W3sicXVlc3Rpb25zIjogWyLjgIzml6XmnKzjga7mlofljJbpgbrnlKPjgavjga/mrYzoiJ7kvI7jgYzlkKvjgb7jgozjgabjgYTjgb7jgZnjgYvvvJ/jgI0iLCAi44CM5q2M6Iie5LyO44Gv5pel5pys44Gu5paH5YyW6YG655Sj44Gr5pWw44GI44KJ44KM44G+44GZ44GL77yf44CNIiwgIuOAjOatjOiInuS8juOBr+aXpeacrOOBruaWh+WMlueahOmBuueUo+OBq+WQq+OBvuOCjOOBvuOBmeOBi++8n+OAjSIsICLmrYzoiJ7kvI7jga/ml6XmnKzjga7mlofljJbpgbrnlKPjga7kuIDpg6jjgafjgZnjgYvvvJ8iLCAi44CM5pel5pys44Gu5paH5YyW6YG655Sj44Gu5LiA6YOo44Go44GX44Gm5q2M6Iie5LyO44Gv6KqN6K2Y44GV44KM44Gm44GE44G+44GZ44GL77yf44CNIl0sICJvcmlnaW5hbCI6ICLmrYzoiJ7kvI7jga/ml6XmnKzjga7mlofljJbpgbrnlKPjga7kuIDpg6jjgafjgZnjgYvvvJ8ifSwgeyJxdWVzdGlvbnMiOiBbIuims+WFieWcsOOBqOOBl+OBpuOBruatjOiInuS8juOBr+S6uuawl+OBjOmrmOOBhOOBp+OBmeOBi++8nyIsICLmrYzoiJ7kvI7jga/oprPlhYnlnLDjgajjgZfjgabjgoLkurrmsJfjgYzjgYLjgorjgb7jgZnjgYvvvJ8iLCAi6Kaz5YWJ5Zyw44Go44GX44Gm44CB5q2M6Iie5LyO44Gv44KI44GP6Kiq44KM44KJ44KM44G+44GZ44GL77yfIiwgIuims+WFieWcsOOBqOOBl+OBpuatjOiInuS8juOBr+S6uuawl+OBjOOBguOCiuOBvuOBmeOBi++8nyIsICLmrYzoiJ7kvI7jga/oprPlhYnjgrnjg53jg4Pjg4jjgajjgZfjgabjgoLkurrmsJfjgYzjgYLjgovjgajoqIDjgYjjgb7jgZnjgYvvvJ8iXSwgIm9yaWdpbmFsIjogIuatjOiInuS8juOBr+ims+WFieWcsOOBqOOBl+OBpuOCguS6uuawl+OBjOOBguOCiuOBvuOBmeOBi++8nyJ9XQ=="
"漫画","['あなたは漫画が子供だけのものだと思いますか？', 'あなたは漫画が日本文化の重要な一部だと思いますか？', 'あなたは漫画を芸術として認識しますか？']","W3sicXVlc3Rpb25zIjogWyLmvKvnlLvjga/lrZDkvpvlsILnlKjjgaDjgajjgYLjgarjgZ/jga/ogIPjgYjjgabjgYTjgb7jgZnjgYvvvJ8iLCAi44GC44Gq44Gf44Gv5ryr55S744GM5a2Q5L6b44Gg44GR44Gu44KC44Gu44Gg44Go5oCd44GE44G+44GZ44GL77yfIiwgIuOBguOBquOBn+OBr+a8q+eUu+OCkuWtkOS+m+OBoOOBkeOBruOCqOODs+OCv+ODvOODhuOCpOODoeODs+ODiOOBqOimi+OBquOBl+OBpuOBhOOBvuOBmeOBi++8nyIsICLjgYLjgarjgZ/jga/mvKvnlLvjgYzlrZDkvpvjgaDjgZHjgavlkJHjgZHjgonjgozjgZ/jgoLjga7jgaDjgajmhJ/jgZjjgb7jgZnjgYvvvJ8iLCAi44GC44Gq44Gf44Gv5ryr55S744GM5a2Q5L6b44Gg44GR44Gu44Gf44KB44Gu44KC44Gu44Gg44Go5L+h44GY44Gm44GE44G+44GZ44GL77yfIl0sICJvcmlnaW5hbCI6ICLjgYLjgarjgZ/jga/mvKvnlLvjgYzlrZDkvpvjgaDjgZHjga7jgoLjga7jgaDjgajmgJ3jgYTjgb7jgZnjgYvvvJ8ifSwgeyJxdWVzdGlvbnMiOiBbIuOBguOBquOBn+OBruimi+ino+OBp+OBr+OAgea8q+eUu+OBr+aXpeacrOaWh+WMluOBrumHjeimgeOBqumDqOWIhuOCkuWNoOOCgeOBpuOBhOOBvuOBmeOBi++8nyIsICLjgYLjgarjgZ/jga/jgIHmvKvnlLvjgYzml6XmnKzmlofljJbjgavjgajjgaPjgabph43opoHjgaDjgajogIPjgYjjgb7jgZnjgYvvvJ8iLCAi44GC44Gq44Gf44Gv5ryr55S744GM5pel5pys5paH5YyW44Gu5aSn5YiH44Gq6KaB57Sg44Gg44Go5oSf44GY44G+44GZ44GL77yfIiwgIuaXpeacrOaWh+WMluOBq+OBiuOBhOOBpuOAgea8q+eUu+OBr+mHjeimgeOBquW9ueWJsuOCkuaenOOBn+OBl+OBpuOBhOOCi+OBqOaAneOBhOOBvuOBmeOBi++8nyIsICLjgYLjgarjgZ/jga/mvKvnlLvjgYzml6XmnKzmlofljJbjga7ph43opoHjgarkuIDpg6jjgaDjgajmgJ3jgYTjgb7jgZnjgYvvvJ8iXSwgIm9yaWdpbmFsIjogIuOBguOBquOBn+OBr+a8q+eUu+OBjOaXpeacrOaWh+WMluOBrumHjeimgeOBquS4gOmDqOOBoOOBqOaAneOBhOOBvuOBmeOBi++8nyJ9LCB7InF1ZXN0aW9ucyI6IFsi44GC44Gq44Gf44Gv5ryr55S744KS6Iq46KGT44Go44GX44Gm6KmV5L6h44GX44G+44GZ44GL77yfIiwgIuOBguOBquOBn+OBr+a8q+eUu+OCkuiKuOihk+OBruS4gOmDqOOBqOimi+OBquOBl+OBvuOBmeOBi++8nyIsICLjgYLjgarjgZ/jga/mvKvnlLvjgpLoirjooZPjga7lvaLmhYvjgajjgZfjgaboqo3orZjjgZfjgb7jgZnjgYvvvJ8iLCAi44GC44Gq44Gf44Gv5ryr55S744KS6Iq46KGT44Go44GX44Gm6KqN6K2Y44GX44G+44GZ44GL77yfIiwgIuOBguOBquOBn+OBr+a8q+eUu+OCkuiKuOihk+eahOihqOePvuOBqOOBl+OBpuiqjeitmOOBl+OBvuOBmeOBi++8nyJdLCAib3JpZ2luYWwiOiAi44GC44Gq44Gf44Gv5ryr55S744KS6Iq46KGT44Go44GX44Gm6KqN6K2Y44GX44G+44GZ44GL77yfIn1d"
"相撲","['相撲は伝統的なスポーツと言えますか？', '相撲は日本のスポーツ文化の一部と言えますか？', '相撲は日本の国技として認識されていますか？', '相撲は日本の文化を象徴していますか？', '相撲は歴史的な価値がありますか？']","W3sicXVlc3Rpb25zIjogWyLjgIznm7jmkrLjga/kvJ3ntbHnmoTjgarjgrnjg53jg7zjg4TjgajopovjgarjgZvjgb7jgZnjgYvvvJ/jgI0iLCAi55u45pKy44Gv5Lyd57Wx55qE44Gq44K544Od44O844OE44Go6KiA44GI44G+44GZ44GL77yfIiwgIuOAjOebuOaSsuOBr+S8nee1seeahOOBquOCueODneODvOODhOOBqOipleS+oeOBp+OBjeOBvuOBmeOBi++8n+OAjSIsICLjgIznm7jmkrLjga/kvJ3ntbHnmoTjgarjgrnjg53jg7zjg4TjgajliKTmlq3jgafjgY3jgb7jgZnjgYvvvJ/jgI0iLCAi44CM55u45pKy44Gv5Lyd57Wx55qE44Gq44K544Od44O844OE44Go6KqN6K2Y44Gn44GN44G+44GZ44GL77yf44CNIl0sICJvcmlnaW5hbCI6ICLnm7jmkrLjga/kvJ3ntbHnmoTjgarjgrnjg53jg7zjg4TjgajoqIDjgYjjgb7jgZnjgYvvvJ8ifSwgeyJxdWVzdGlvbnMiOiBbIuOAjOebuOaSsuOBr+aXpeacrOOBruOCueODneODvOODhOaWh+WMluOBq+WQq+OBvuOCjOOCi+OBqOaAneOBhOOBvuOBmeOBi++8n+OAjSIsICLjgIznm7jmkrLjga/ml6XmnKzjga7jgrnjg53jg7zjg4TmlofljJbjgavlsZ7jgZnjgovjgajoqIDjgYjjgovjgafjgZfjgofjgYbjgYvvvJ/jgI0iLCAi55u45pKy44Gv5pel5pys44Gu44K544Od44O844OE5paH5YyW44Gu5LiA6YOo44Go6KiA44GI44G+44GZ44GL77yfIiwgIuOAjOebuOaSsuOBr+aXpeacrOOBruOCueODneODvOODhOaWh+WMluOBruS4gOmDqOOBoOOBqOiqjeitmOOBl+OBpuOBhOOBvuOBmeOBi++8n+OAjSIsICLjgIznm7jmkrLjga/ml6XmnKzjga7jgrnjg53jg7zjg4TmlofljJbjga7kuIDpg6jjgajopovjgarjgZvjgb7jgZnjgYvvvJ/jgI0iXSwgIm9yaWdpbmFsIjogIuebuOaSsuOBr+aXpeacrOOBruOCueODneODvOODhOaWh+WMluOBruS4gOmDqOOBqOiogOOBiOOBvuOBmeOBi++8nyJ9LCB7InF1ZXN0aW9ucyI6IFsi55u45pKy44Gv5pel5pys44Gu5Zu95oqA44Go44GX44Gm6KqN6K2Y44GV44KM44Gm44GE44KL44Go5oCd44GE44G+44GZ44GL77yfIiwgIuebuOaSsuOBr+aXpeacrOOBruWbveaKgOOBqOOBl+OBpuiqjeitmOOBleOCjOOBpuOBhOOBvuOBmeOBi++8nyIsICLnm7jmkrLjga/ml6XmnKzjga7lm73mioDjgajlhazoqo3jgZXjgozjgabjgYTjgb7jgZnjgYvvvJ8iLCAi55u45pKy44Gv5pel5pys44Gu5Zu95oqA44Go6KaL44Gq44GV44KM44Gm44GE44G+44GZ44GL77yfIiwgIuebuOaSsuOBr+aXpeacrOOBruWbveaKgOOBqOiqjeWumuOBleOCjOOBpuOBhOOBvuOBmeOBi++8nyJdLCAib3JpZ2luYWwiOiAi55u45pKy44Gv5pel5pys44Gu5Zu95oqA44Go44GX44Gm6KqN6K2Y44GV44KM44Gm44GE44G+44GZ44GL77yfIn0sIHsicXVlc3Rpb25zIjogWyLml6XmnKzjga7mlofljJbjgpLooajnj77jgZnjgovjgoLjga7jgajjgZfjgabnm7jmkrLjgpLopovjgb7jgZnjgYvvvJ8iLCAi55u45pKy44Gv5pel5pys44Gu5paH5YyW44KS6LGh5b6044GX44Gm44GE44G+44GZ44GL77yfIiwgIuebuOaSsuOBr+aXpeacrOOBruaWh+WMluOBruS7o+ihqOOBqOimi+OBquOBleOCjOOBvuOBmeOBi++8nyIsICLnm7jmkrLjga/ml6XmnKzjga7mlofljJbjga7osaHlvrTjgajoqIDjgYjjgb7jgZnjgYvvvJ8iLCAi55u45pKy44Gv5pel5pys44Gu5paH5YyW44KS5Luj6KGo44GX44Gm44GE44KL44Go5oCd44GE44G+44GZ44GL77yfIl0sICJvcmlnaW5hbCI6ICLnm7jmkrLjga/ml6XmnKzjga7mlofljJbjgpLosaHlvrTjgZfjgabjgYTjgb7jgZnjgYvvvJ8ifSwgeyJxdWVzdGlvbnMiOiBbIuebuOaSsuOBr+attOWPsueahOOBquS+oeWApOOBjOOBguOCiuOBvuOBmeOBi++8nyIsICLjgIznm7jmkrLjgavjga/mrbTlj7LnmoTjgarkvqHlgKTjgYzlrZjlnKjjgZnjgovjgajogIPjgYjjgb7jgZnjgYvvvJ/jgI0iLCAi44CM55u45pKy44Gv5q205Y+y55qE44Gq5oSP576p44KS5oyB44Gj44Gm44GE44G+44GZ44GL77yf44CNIiwgIuOAjOebuOaSsuOBq+OBr+attOWPsueahOOBquS+oeWApOOBjOOBguOCi+OBqOaAneOBhOOBvuOBmeOBi++8n+OAjSIsICLjgIznm7jmkrLjga/mrbTlj7LnmoTjgarph43opoHmgKfjgpLmjIHjgaTjgajmhJ/jgZjjgb7jgZnjgYvvvJ/jgI0iXSwgIm9yaWdpbmFsIjogIuebuOaSsuOBr+attOWPsueahOOBquS+oeWApOOBjOOBguOCiuOBvuOBmeOBi++8nyJ9XQ=="
"神社仏閣","['神社仏閣の保存と維持には公的資金を使うべきですか？', '神社仏閣の建築美は日本の伝統的な美学を反映していますか？', '神社仏閣の訪問は日本の歴史と文化を理解するのに役立ちますか？', '神社仏閣は日本の文化遺産として重要ですか？', '神社仏閣は観光地としての価値がありますか？']","W3sicXVlc3Rpb25zIjogWyLnpZ7npL7ku4/plqPjga7kv53lrZjjgajntq3mjIHjgavjga/lhaznmoTos4fph5HjgpLkvb/jgYbjgbnjgY3jgafjgZnjgYvvvJ8iLCAi56We56S+5LuP6Zaj44Gu5L+d5a2Y44Go57at5oyB44Gu44Gf44KB44Gr5YWs55qE6LOH6YeR44KS5L2/55So44GZ44KL44GT44Go44Gr6LOb5oiQ44Gn44GZ44GL77yfIiwgIuWFrOeahOizh+mHkeOCkuelnuekvuS7j+mWo+OBrue2reaMgeOBqOS/neWtmOOBq+WFheOBpuOCi+OBueOBjeOBoOOBqOiAg+OBiOOBvuOBmeOBi++8nyIsICLlhaznmoTos4fph5HjgpLnpZ7npL7ku4/plqPjga7kv53lrZjjgajntq3mjIHjgavkvb/jgYbjgZPjgajjga/pganliIfjgaDjgajmgJ3jgYTjgb7jgZnjgYvvvJ8iLCAi5YWs55qE6LOH6YeR44Gv56We56S+5LuP6Zaj44Gu5L+d5a2Y44Go57at5oyB44Gr5oqV5YWl44GZ44G544GN44Gg44Go5oCd44GE44G+44GZ44GL77yfIl0sICJvcmlnaW5hbCI6ICLnpZ7npL7ku4/plqPjga7kv53lrZjjgajntq3mjIHjgavjga/lhaznmoTos4fph5HjgpLkvb/jgYbjgbnjgY3jgafjgZnjgYvvvJ8ifSwgeyJxdWVzdGlvbnMiOiBbIuaXpeacrOOBruS8nee1seeahOOBque+juWtpuOBr+elnuekvuS7j+mWo+OBruW7uueviee+juOBq+ihqOePvuOBleOCjOOBpuOBhOOBvuOBmeOBi++8nyIsICLnpZ7npL7ku4/plqPjga7lu7rnr4nnvo7jga/ml6XmnKzjga7kvJ3ntbHnmoTjgarnvo7lrabjgpLnpLrjgZfjgabjgYTjgb7jgZnjgYvvvJ8iLCAi56We56S+5LuP6Zaj44Gu5bu656+J576O44GM5pel5pys44Gu5Lyd57Wx55qE44Gq576O5a2m44KS5L2T54++44GX44Gm44GE44KL44Go5oCd44GE44G+44GZ44GL77yfIiwgIuaXpeacrOOBruS8nee1seeahOOBque+juWtpuOBr+elnuekvuS7j+mWo+OBruW7uueviee+juOBq+WPjeaYoOOBleOCjOOBpuOBhOOCi+OBqOiogOOBiOOBvuOBmeOBi++8nyIsICLnpZ7npL7ku4/plqPjga7lu7rnr4nnvo7jga/ml6XmnKzjga7kvJ3ntbHnmoTjgarnvo7lrabjgpLlj43mmKDjgZfjgabjgYTjgb7jgZnjgYvvvJ8iXSwgIm9yaWdpbmFsIjogIuelnuekvuS7j+mWo+OBruW7uueviee+juOBr+aXpeacrOOBruS8nee1seeahOOBque+juWtpuOCkuWPjeaYoOOBl+OBpuOBhOOBvuOBmeOBi++8nyJ9LCB7InF1ZXN0aW9ucyI6IFsi56We56S+5LuP6Zaj44KS6Kiq44KM44KL44GT44Go44Gv44CB5pel5pys44Gu5q205Y+y44Go5paH5YyW44Gu55CG6Kej44Gr5a+E5LiO44GX44G+44GZ44GL77yfIiwgIuelnuekvuS7j+mWo+OBruioquWVj+OBr+aXpeacrOOBruattOWPsuOBqOaWh+WMluOCkueQhuino+OBmeOCi+OBruOBq+W9ueeri+OBoeOBvuOBmeOBi++8nyIsICLnpZ7npL7ku4/plqPjga7oqKrllY/jga/ml6XmnKzjga7mrbTlj7LjgajmlofljJbjga7nkIbop6PjgavliqnjgZHjgavjgarjgovjgajogIPjgYjjgb7jgZnjgYvvvJ8iLCAi5pel5pys44Gu5q205Y+y44Go5paH5YyW44KS55CG6Kej44GZ44KL44Gf44KB44Gr44Gv44CB56We56S+5LuP6Zaj44Gu6Kiq5ZWP44GM5b2556uL44Gk44Go5oCd44GE44G+44GZ44GL77yfIiwgIuaXpeacrOOBruattOWPsuOBqOaWh+WMluOCkueQhuino+OBmeOCi+S4iuOBp+OAgeelnuekvuS7j+mWo+OBruioquWVj+OBr+acieeUqOOBoOOBqOaEn+OBmOOBvuOBmeOBi++8nyJdLCAib3JpZ2luYWwiOiAi56We56S+5LuP6Zaj44Gu6Kiq5ZWP44Gv5pel5pys44Gu5q205Y+y44Go5paH5YyW44KS55CG6Kej44GZ44KL44Gu44Gr5b2556uL44Gh44G+44GZ44GL77yfIn0sIHsicXVlc3Rpb25zIjogWyLjgIznpZ7npL7ku4/plqPjga/ml6XmnKzjga7mlofljJbpgbrnlKPjga7ph43opoHjgarpg6jliIbjgajogIPjgYjjgonjgozjgb7jgZnjgYvvvJ/jgI0iLCAi44CM5pel5pys44Gu5paH5YyW6YG655Sj44Go44GX44Gm44CB56We56S+5LuP6Zaj44Gv6YeN6KaB44Go6KiA44GI44G+44GZ44GL77yf44CNIiwgIuOAjOelnuekvuS7j+mWo+OBrumHjeimgeaAp+OBr+OAgeaXpeacrOOBruaWh+WMlumBuueUo+OBqOOBl+OBpuiqjeitmOOBleOCjOOBpuOBhOOBvuOBmeOBi++8n+OAjSIsICLnpZ7npL7ku4/plqPjga/ml6XmnKzjga7mlofljJbpgbrnlKPjgajjgZfjgabph43opoHjgafjgZnjgYvvvJ8iLCAi44CM5pel5pys44Gu5paH5YyW6YG655Sj44Go44GX44Gm44Gu56We56S+5LuP6Zaj44Gu6YeN6KaB5oCn44Gv44Gp44GG5oCd44GE44G+44GZ44GL77yf44CNIl0sICJvcmlnaW5hbCI6ICLnpZ7npL7ku4/plqPjga/ml6XmnKzjga7mlofljJbpgbrnlKPjgajjgZfjgabph43opoHjgafjgZnjgYvvvJ8ifSwgeyJxdWVzdGlvbnMiOiBbIuelnuekvuS7j+mWo+OBr+ims+WFieOBruS+oeWApOOBjOOBguOCi+OBqOaAneOBhOOBvuOBmeOBi++8nyIsICLnpZ7npL7ku4/plqPjga/oprPlhYnlnLDjgajjgZfjgabkvqHlgKTjgYzjgYLjgovjgajoqo3orZjjgZfjgabjgYTjgb7jgZnjgYvvvJ8iLCAi56We56S+5LuP6Zaj44Gv6Kaz5YWJ5Zyw44Go44GX44Gm6a2F5Yqb55qE44Gg44Go5oSf44GY44G+44GZ44GL77yfIiwgIuelnuekvuS7j+mWo+OBr+ims+WFieWcsOOBqOOBl+OBpuOBrumtheWKm+OCkuaMgeOBo+OBpuOBhOOCi+OBqOiAg+OBiOOBvuOBmeOBi++8nyIsICLnpZ7npL7ku4/plqPjga/oprPlhYnlnLDjgajjgZfjgabjga7kvqHlgKTjgYzjgYLjgorjgb7jgZnjgYvvvJ8iXSwgIm9yaWdpbmFsIjogIuelnuekvuS7j+mWo+OBr+ims+WFieWcsOOBqOOBl+OBpuOBruS+oeWApOOBjOOBguOCiuOBvuOBmeOBi++8nyJ9XQ=="
